condition_id,image_type,degradation,level,degradation_params,enhancement_method,enhancement_params,sample_count,inference_time_ms_per_image_mean,inference_time_ms_per_image_median,inference_time_ms_per_image_p95,latency_runs,latency_batch_size,latency_warmup_runs,psnr,ssim,delta_e_2000,image_metric_pixel_stride,delta_e_pixel_stride,mean_brightness,rms_contrast,edge_preservation_ratio,histogram_distance,accuracy,macro_precision,macro_recall,macro_f1,weighted_f1
clean,clean,clean,none,{},none,{},550,6.335813824999548,6.363205031249208,6.883513749999537,5,32,1,100.0,1.0,0.0,4.0,4.0,75.99466110805119,73.56089087311844,1.0,0.0,0.9018181818181819,0.9036252633227628,0.9024859281774177,0.902010778932825,0.9020575843021676
low_light__light__degraded,degraded,low_light,light,"{""gamma"": 1.5}",none,{},550,5.866860375000016,5.878707906248337,6.156618243750245,5,32,1,21.05969081623728,0.864999941637155,,4.0,4.0,61.76831704023654,61.26042563309402,0.9353795346314041,0.0856261372499907,0.9127272727272727,0.9124705802968961,0.9145527974783295,0.9126824198659641,0.9132395565306958
low_light__light__gamma_correction,enhanced,low_light,light,"{""gamma"": 1.5}",gamma_correction,{},550,6.49435073125062,6.415869656251516,7.429816687501045,5,32,1,46.21742168094334,0.9923724230708637,,4.0,4.0,79.5827682351577,68.18595810032653,1.0007352271059402,0.013454379809928592,0.9,0.9023106379884119,0.9005877800292694,0.9001663756157974,0.9004827653818384
low_light__light__clahe,enhanced,low_light,light,"{""gamma"": 1.5}",clahe,"{""clip_limit"": 1.5}",550,6.102380549999253,6.20708746874854,6.271142412500552,5,32,1,23.194501317248243,0.9099627779624626,,4.0,4.0,68.84194197066327,65.02366927165254,1.1547500254918648,0.06571969013891267,0.9036363636363637,0.9036886645728215,0.9040494483845547,0.9028320171072941,0.9039499487096222
low_light__medium__degraded,degraded,low_light,medium,"{""gamma"": 2.5}",none,{},550,6.993022231249313,6.725943437498216,8.145296049998763,5,32,1,14.712199702537776,0.6051082914221941,,4.0,4.0,41.91912213763914,51.57818732844136,0.7915948271927791,0.13088590893888447,0.8872727272727273,0.8833295965997434,0.8874793144208037,0.8844787255428652,0.8877448835355483
low_light__medium__gamma_correction,enhanced,low_light,medium,"{""gamma"": 2.5}",gamma_correction,{},550,7.186854812501053,7.187133687502012,7.700335643752254,5,32,1,34.57360455171927,0.9428442671909378,,4.0,4.0,78.12029677064007,68.89655506438007,1.0245378424401708,0.06311467526798058,0.8927272727272727,0.8945420295107432,0.8943377800292692,0.8929334605405017,0.8927973777188898
low_light__medium__clahe,enhanced,low_light,medium,"{""gamma"": 2.5}",clahe,"{""clip_limit"": 2.0}",550,6.769044612499897,6.4030125937506455,7.768671206248712,5,32,1,16.887485938625602,0.7043767532295137,,4.0,4.0,51.15839273712894,57.53523258497709,1.0074502920578354,0.10738610325144454,0.8836363636363637,0.8818600240958763,0.8840996847911742,0.8824222587869931,0.8840979567393188
low_light__strong__degraded,degraded,low_light,strong,"{""gamma"": 4.0}",none,{},550,5.726717443749152,5.622938750001083,6.114728399997915,5,32,1,11.957315822580103,0.43697680680186357,,4.0,4.0,28.12980614042208,42.51888925490619,0.6291613666617109,0.15478315297955877,0.8381818181818181,0.8356271484958564,0.8385050095688393,0.833669812168989,0.8386550663132318
low_light__strong__gamma_correction,enhanced,low_light,strong,"{""gamma"": 4.0}",gamma_correction,{},550,6.6193453937508195,6.456085250000854,7.22583378749988,5,32,1,24.431316808375076,0.8294191655833678,,4.0,4.0,72.77872565688776,70.80370751366898,1.0813367258958373,0.11510484490888405,0.889090909090909,0.8911764107121851,0.8938794607677586,0.8897104400348163,0.8892642473241317
low_light__strong__clahe,enhanced,low_light,strong,"{""gamma"": 4.0}",clahe,"{""clip_limit"": 2.0}",550,6.388190062499888,6.371173093750571,6.633051487499841,5,32,1,13.336406828374315,0.516251744673767,,4.0,4.0,35.759339728664195,48.80421456673787,0.8037003944980348,0.1369031808372952,0.8545454545454545,0.851663691901383,0.854806653157717,0.8515659644410981,0.855016516074439
gaussian_noise__light__degraded,degraded,gaussian_noise,light,"{""sigma"": 10.0}",none,{},550,6.943929787500025,7.001376156249961,7.442741768750238,5,32,1,29.126345216338226,0.7837382873658254,,4.0,4.0,81.23266445558905,67.23309167117783,1.0504070085427537,0.046362643734068405,0.8781818181818182,0.8806416789482009,0.8808714679725318,0.8765569381654321,0.8773439860486557
gaussian_noise__light__gaussian_filter,enhanced,gaussian_noise,light,"{""sigma"": 10.0}",gaussian_filter,"{""sigma"": 1.0}",550,7.51754763125021,7.891096687497878,8.747721118749041,5,32,1,26.90408397443704,0.815090183159071,,4.0,4.0,80.73740170802414,64.35544835308656,0.9005477904310144,0.03604835923973438,0.8927272727272727,0.8976355559061684,0.8914792299898684,0.891766238753973,0.8917901773852362
gaussian_noise__light__bilateral_filter,enhanced,gaussian_noise,light,"{""sigma"": 10.0}",bilateral_filter,"{""range_sigma"": 60}",550,5.474185856250813,5.460372187499729,5.587238687498797,5,32,1,31.410624198028515,0.8509869199452235,,4.0,4.0,80.70876763218924,65.9712559787847,0.9384595529941014,0.028874363352932895,0.9036363636363637,0.9036801550563727,0.9016962174940899,0.9017246708066237,0.9029585451275177
gaussian_noise__medium__degraded,degraded,gaussian_noise,medium,"{""sigma"": 25.0}",none,{},550,5.896940400000261,5.75482937500027,6.3628255687497415,5,32,1,21.39591128831771,0.5952078114160693,,4.0,4.0,83.19173741883117,66.19264395312379,1.1748035273646544,0.06561751963314132,0.7872727272727272,0.8105060129546141,0.788468422830125,0.7821285426721125,0.783291343992396
gaussian_noise__medium__gaussian_filter,enhanced,gaussian_noise,medium,"{""sigma"": 25.0}",gaussian_filter,"{""sigma"": 1.0}",550,5.938595174998795,5.9092882187492535,6.130494481248405,5,32,1,25.024705343238356,0.7106296684807174,,4.0,4.0,82.68855379058442,62.08419526802662,0.9017343786590594,0.10731307468898721,0.8218181818181818,0.8474970749522857,0.820449313295058,0.816319183428349,0.8182548569717071
gaussian_noise__medium__bilateral_filter,enhanced,gaussian_noise,medium,"{""sigma"": 25.0}",bilateral_filter,"{""range_sigma"": 60}",550,5.428183074999993,5.361896968750557,5.923031656250544,5,32,1,27.324371799555234,0.7391758802861547,,4.0,4.0,82.50097534148887,64.07641633884658,0.9529069542253135,0.10576424015462532,0.82,0.8401104481302962,0.8202099515929303,0.8142047047961981,0.8153500415861674
gaussian_noise__strong__degraded,degraded,gaussian_noise,strong,"{""sigma"": 50.0}",none,{},550,6.047214949999358,6.173714218750348,6.456984831250168,5,32,1,15.790170798353667,0.4154431646877728,,4.0,4.0,86.76079730809369,65.71845460478156,1.4206589549316815,0.08095500687666428,0.5890909090909091,0.5911185629899524,0.5773926319936958,0.5787065937645937,0.5836133764542815
gaussian_noise__strong__gaussian_filter,enhanced,gaussian_noise,strong,"{""sigma"": 50.0}",gaussian_filter,"{""sigma"": 1.3}",550,6.129427581250013,5.986809187501052,6.869412712499212,5,32,1,21.61182844942957,0.6172360807236014,,4.0,4.0,86.3089850359462,56.845603418831075,0.8496192731134367,0.1659124422296544,0.7109090909090909,0.7837323985898881,0.7081520882584713,0.6959064177450216,0.6977506194323329
gaussian_noise__strong__bilateral_filter,enhanced,gaussian_noise,strong,"{""sigma"": 50.0}",bilateral_filter,"{""range_sigma"": 60}",550,5.8513366875004635,5.838359374997992,6.269324975001211,5,32,1,19.78126758169867,0.5398496937706103,,4.0,4.0,85.55479027191558,62.208902987107116,1.1024139794150019,0.14322203944339595,0.6872727272727273,0.7396430429965757,0.6929404480468311,0.6719015565527557,0.6741139839239876
salt_pepper__light__degraded,degraded,salt_pepper,light,"{""amount"": 0.01}",none,{},550,6.343856218749977,6.3776094062504285,7.023071000000414,5,32,1,24.160144844129537,0.8942046636993074,,4.0,4.0,80.94726302933672,69.56730705524382,1.0912783774078683,0.010384166893281635,0.8581818181818182,0.859772776289787,0.8562993920972645,0.8551966731734097,0.8577171115959541
salt_pepper__light__median_filter,enhanced,salt_pepper,light,"{""amount"": 0.01}",median_filter,"{""kernel"": 3}",550,6.204351668750263,6.136220249999269,6.6771843562491995,5,32,1,29.917050033773748,0.960245096274102,,4.0,4.0,80.31186442775973,67.33524860092159,0.9429177827271831,0.017348710719711974,0.8981818181818182,0.8996063012360906,0.8955341663852302,0.8970040265865464,0.8978174776150122
salt_pepper__light__gaussian_filter,enhanced,salt_pepper,light,"{""amount"": 0.01}",gaussian_filter,"{""sigma"": 0.7}",550,5.392281100001384,5.350751312501956,5.751131856250424,5,32,1,27.69025604135037,0.8636762822483394,,4.0,4.0,80.52747032003711,66.13848881782366,0.9746180533570685,0.02627280839484517,0.8654545454545455,0.8760386989772526,0.863714679725318,0.8631007287488698,0.8640013848502439
salt_pepper__medium__degraded,degraded,salt_pepper,medium,"{""amount"": 0.03}",none,{},550,5.645758243750265,5.634462968750142,5.808180150000908,5,32,1,19.368575313570187,0.7364710497259584,,4.0,4.0,81.86062965735158,71.75706220511967,1.25889445211767,0.020629845696405743,0.7709090909090909,0.7961768537261958,0.7670612405718789,0.7621334799138374,0.7672897354945606
salt_pepper__medium__median_filter,enhanced,salt_pepper,medium,"{""amount"": 0.03}",median_filter,"{""kernel"": 3}",550,5.960897050000824,5.7310070312510675,6.617589400001833,5,32,1,29.6406732680375,0.958847626454076,,4.0,4.0,80.31040306238404,67.34717749250031,0.9436241569313546,0.017272377698064955,0.8963636363636364,0.897124760992795,0.8936227907238544,0.8947063233423471,0.8958624811649156
salt_pepper__medium__gaussian_filter,enhanced,salt_pepper,medium,"{""amount"": 0.03}",gaussian_filter,"{""sigma"": 0.7}",550,5.995433687498775,5.9216062187488205,6.591482368747847,5,32,1,24.91689012708649,0.7371500245436917,,4.0,4.0,81.44043877666975,65.48921733730181,1.045294828937415,0.03549704454030016,0.8090909090909091,0.8301688156542399,0.8076153889451761,0.8018351766284562,0.8022954050230864
salt_pepper__strong__degraded,degraded,salt_pepper,strong,"{""amount"": 0.07}",none,{},550,5.862296324999505,5.737391374999845,6.182022512500396,5,32,1,15.684145311986544,0.5409979638584282,,4.0,4.0,83.79704734519945,75.82745799050251,1.570663765240311,0.035075588070754046,0.7072727272727273,0.7500921534605745,0.7038950804908253,0.6862711697510135,0.6866559863385682
salt_pepper__strong__median_filter,enhanced,salt_pepper,strong,"{""amount"": 0.07}",median_filter,"{""kernel"": 3}",550,6.102290156250234,5.974898187499633,6.586878025000686,5,32,1,28.896886526893454,0.9547573825121894,,4.0,4.0,80.31549257826994,67.38796635193164,0.9460061485749016,0.0171471498820198,0.889090909090909,0.8896458853811795,0.8867114150624789,0.8869238187201622,0.8883414354505286
salt_pepper__strong__gaussian_filter,enhanced,salt_pepper,strong,"{""amount"": 0.07}",gaussian_filter,"{""sigma"": 1.3}",550,5.686276156250614,5.556069656250884,6.2407515062517405,5,32,1,22.90347375893075,0.6526517266098939,,4.0,4.0,83.35278977388683,61.16796929539287,0.9625708230533467,0.07470938719258119,0.78,0.8202204000379183,0.7765146909827761,0.7739208824769387,0.7745245537595614
gaussian_blur__light__degraded,degraded,gaussian_blur,light,"{""kernel"": 3}",none,{},550,5.7402383687517045,5.700922812501119,6.019847150000146,5,32,1,29.24353640345613,0.9591457336803544,,4.0,4.0,80.08447470199442,66.16763741770133,0.9192111107673535,0.02471154087489406,0.8927272727272727,0.8936144696969356,0.8906598277608916,0.8915736217992791,0.8923692892013798
gaussian_blur__light__unsharp_mask,enhanced,gaussian_blur,light,"{""kernel"": 3}",unsharp_mask,"{""amount"": 0.7, ""radius"": 1.0}",550,6.15821306249984,5.970419124999182,6.912691793746717,5,32,1,31.786240999450072,0.9747864399915931,,4.0,4.0,79.75224922309833,67.00302569972136,0.9572503114558506,0.019493506606703067,0.9,0.900116389681607,0.897706152200833,0.8985275726840584,0.8998554717953857
gaussian_blur__light__sharpening,enhanced,gaussian_blur,light,"{""kernel"": 3}",sharpening,{},550,5.434368381249044,5.4127035624986775,5.523422224996466,5,32,1,33.12088612817925,0.980731857384809,,4.0,4.0,80.15556449907236,67.4027085272518,0.9671800277862436,0.017134951324027148,0.9018181818181819,0.9033035434919434,0.8991499211977935,0.9005733430759729,0.9015962192921549
gaussian_blur__medium__degraded,degraded,gaussian_blur,medium,"{""kernel"": 7}",none,{},550,6.050159599999461,6.037807968752418,6.433062974998904,5,32,1,25.30766246574433,0.9032506240550453,,4.0,4.0,80.16032362592763,64.6766771737066,0.8628181171539927,0.03626296587640879,0.8818181818181818,0.8847490525302074,0.8825699369582349,0.8815790832870402,0.8809781373133166
gaussian_blur__medium__unsharp_mask,enhanced,gaussian_blur,medium,"{""kernel"": 7}",unsharp_mask,"{""amount"": 1.0, ""radius"": 1.5}",550,6.741963149998753,6.5042500312486595,7.444308812496558,5,32,1,27.048115436724274,0.93445787921032,,4.0,4.0,79.83231852736547,66.08626496057705,0.9293188828994663,0.025826238893920474,0.8927272727272727,0.8945571885948199,0.8913000956883936,0.8921749206314462,0.8922547881235061
gaussian_blur__medium__sharpening,enhanced,gaussian_blur,medium,"{""kernel"": 7}",sharpening,{},550,5.75674118749987,5.689839281252773,6.19445593750072,5,32,1,26.256514264669427,0.9208488764597249,,4.0,4.0,80.1986533424165,65.280705295902,0.8868692320819075,0.03217559048680041,0.8981818181818182,0.9008344367399518,0.8972306653157716,0.8976640680930285,0.8976772773447986
gaussian_blur__strong__degraded,degraded,gaussian_blur,strong,"{""kernel"": 15}",none,{},550,5.554592568749683,5.538862656244703,5.871239131252537,5,32,1,22.306826962876684,0.8153794099586772,,4.0,4.0,80.16765810934601,62.38652022820461,0.7560727992178261,0.05057270050782673,0.7963636363636364,0.8145109348016325,0.7964395474501857,0.795483904490491,0.7939722224262988
gaussian_blur__strong__unsharp_mask,enhanced,gaussian_blur,strong,"{""kernel"": 15}",unsharp_mask,"{""amount"": 1.0, ""radius"": 1.5}",550,6.089719481249745,6.16630431250087,6.324780443746647,5,32,1,22.86131260512577,0.8370275755852697,,4.0,4.0,79.80612309195268,62.958136590316904,0.791389690823032,0.046216669490482136,0.8381818181818181,0.8483387338832473,0.8366935438477991,0.8378511279878917,0.8379294346840029
gaussian_blur__strong__sharpening,enhanced,gaussian_blur,strong,"{""kernel"": 15}",sharpening,{},550,5.886179050000351,5.747656687503877,6.259552806250213,5,32,1,22.52327374021582,0.8239266622197422,,4.0,4.0,80.21898138740723,62.64104600460396,0.7684275400489603,0.04894294994555764,0.8236363636363636,0.833646663655333,0.8223833445907914,0.8239463281470097,0.8234846512614566
color_cast__light__degraded,degraded,color_cast,light,"{""gains"": [1.05, 1.0, 0.95]}",none,{},550,6.105469018751819,6.331529749999731,6.76482094375217,5,32,1,36.204504112491264,0.9976959724143902,1.7318189525663783,4.0,4.0,81.23538429904916,68.97861097088081,1.007946013330158,0.02695161590494744,0.9072727272727272,0.9083298151796605,0.9071684678599572,0.9067289468408871,0.9072621656950015
color_cast__light__rgb_balance,enhanced,color_cast,light,"{""gains"": [1.05, 1.0, 0.95]}",rgb_balance,{},550,6.014472543751026,6.106603312503012,6.422408562497139,5,32,1,24.021430064547246,0.9347743115325338,9.558477872929863,4.0,4.0,75.19664010899815,64.25503350377393,0.9522789437524593,0.08277917733137702,0.8945454545454545,0.896111503173018,0.8954025948440842,0.8941925242548493,0.894982404658614
color_cast__light__hsv_correction,enhanced,color_cast,light,"{""gains"": [1.05, 1.0, 0.95]}",hsv_correction,{},550,6.302449556247325,6.193294281246153,7.25654831250182,5,32,1,25.922500745149947,0.9403655542511892,4.259408428278231,4.0,4.0,81.40634718518089,71.96473900404534,1.1340559532893846,0.06282322338374136,0.9,0.9006293644149912,0.8989098559045366,0.8989795397438882,0.900045140546504
color_cast__light__lab_correction,enhanced,color_cast,light,"{""gains"": [1.05, 1.0, 0.95]}",lab_correction,{},550,5.275191831250936,5.270433812498254,5.338983225000504,5,32,1,20.9150146421824,0.8116267227019472,11.008098862288312,4.0,4.0,92.78352170512524,76.42670155981976,1.1454415754294491,0.1272134280328936,0.8854545454545455,0.8842124368835389,0.8848225543172351,0.884370722914541,0.8856090101541321
color_cast__medium__degraded,degraded,color_cast,medium,"{""gains"": [1.15, 1.0, 0.85]}",none,{},550,5.369926543750125,5.364347968750849,5.494727893746187,5,32,1,27.050694217212744,0.985735342150879,4.754724886448128,4.0,4.0,82.71107191674396,69.85237252546996,1.0170265729247479,0.04923485001865217,0.9018181818181819,0.9019773072488073,0.9002279635258359,0.8999810982653085,0.9016357622175325
color_cast__medium__rgb_balance,enhanced,color_cast,medium,"{""gains"": [1.15, 1.0, 0.85]}",rgb_balance,{},550,6.396198281250065,6.461490218754307,6.724146662499209,5,32,1,23.60951199372958,0.9319953837804116,9.544665347790042,4.0,4.0,75.63584714981447,64.4220996902138,0.9537082660227866,0.08733496005186493,0.8909090909090909,0.8918670293375752,0.8911916019362828,0.8898321260321309,0.8913825262102951
color_cast__medium__hsv_correction,enhanced,color_cast,medium,"{""gains"": [1.15, 1.0, 0.85]}",hsv_correction,{},550,5.299031487500372,5.265406031249142,5.448924950002265,5,32,1,24.137030935264924,0.9366324913927445,6.016095343773306,4.0,4.0,83.59563610679498,72.65460705901697,1.1312123534577592,0.07231798980343145,0.9,0.9003925245488894,0.8973879882922435,0.8979469815031459,0.8994470040109548
color_cast__medium__lab_correction,enhanced,color_cast,medium,"{""gains"": [1.15, 1.0, 0.85]}",lab_correction,{},550,5.525498574998267,5.356248031247901,6.047449799997651,5,32,1,19.89223274818627,0.7928459531436428,12.01766597595645,4.0,4.0,94.65097610099721,76.91666995275787,1.1486270355138992,0.1388304212046666,0.8763636363636363,0.8733029093741098,0.8750692333671056,0.8739340377640591,0.8764029470768475
color_cast__strong__degraded,degraded,color_cast,strong,"{""gains"": [1.3, 1.0, 0.7]}",none,{},550,5.270918931248048,5.147262124999941,5.633677881247934,5,32,1,21.570580414950893,0.9479972227874924,8.376788382237994,4.0,4.0,84.35108121753247,70.47762139868287,1.0185658197560634,0.06967858534248975,0.8818181818181818,0.8840800368383258,0.8772543059777103,0.8785032860913118,0.880976174386795
color_cast__strong__rgb_balance,enhanced,color_cast,strong,"{""gains"": [1.3, 1.0, 0.7]}",rgb_balance,{},550,6.231289943750085,6.416842718749649,6.645649831246203,5,32,1,22.700093301735755,0.9241071217825307,9.669715898713939,4.0,4.0,75.66355025568181,64.03107335277147,0.945382374591267,0.09409170659431865,0.8927272727272727,0.8932463337127283,0.894382106270404,0.8917372765586897,0.8933655912069087
color_cast__strong__hsv_correction,enhanced,color_cast,strong,"{""gains"": [1.3, 1.0, 0.7]}",hsv_correction,{},550,5.6782677250012625,5.6594043125031135,5.818018124998048,5,32,1,20.939426333529727,0.9169336907620205,8.848275777829079,4.0,4.0,86.04950122564935,73.05187202975341,1.1155676191849055,0.08524999651319624,0.8854545454545455,0.8864993402331882,0.88035151412811,0.8813723105725646,0.8840480142211407
color_cast__strong__lab_correction,enhanced,color_cast,strong,"{""gains"": [1.3, 1.0, 0.7]}",lab_correction,{},550,6.011626356249167,5.948570000001041,6.30245903124802,5,32,1,18.313655119004792,0.7579028275935163,14.173484971974077,4.0,4.0,97.69087730809369,77.44782675836684,1.1481961603784447,0.15536363330727118,0.8618181818181818,0.8612833628434651,0.8568594506360462,0.8569601434875412,0.8607546599489746
