condition_id,image_type,degradation,level,enhancement_method,class,precision,recall,f1,support
clean,clean,clean,none,none,daisy,0.9101123595505618,0.8617021276595744,0.8852459016393442,94.0
clean,clean,clean,none,none,dandelion,0.9312977099236641,0.9037037037037037,0.9172932330827067,135.0
clean,clean,clean,none,none,roses,0.9473684210526315,0.9375,0.9424083769633508,96.0
clean,clean,clean,none,none,sunflowers,0.825,0.9428571428571428,0.88,105.0
clean,clean,clean,none,none,tulips,0.9043478260869565,0.8666666666666667,0.8851063829787233,120.0
low_light__light__degraded,degraded,low_light,light,none,daisy,0.9052631578947369,0.9148936170212766,0.91005291005291,94.0
low_light__light__degraded,degraded,low_light,light,none,dandelion,0.976,0.9037037037037037,0.9384615384615385,135.0
low_light__light__degraded,degraded,low_light,light,none,roses,0.9375,0.9375,0.9375,96.0
low_light__light__degraded,degraded,low_light,light,none,sunflowers,0.8376068376068376,0.9333333333333333,0.8828828828828829,105.0
low_light__light__degraded,degraded,low_light,light,none,tulips,0.905982905982906,0.8833333333333333,0.8945147679324894,120.0
low_light__light__gamma_correction,enhanced,low_light,light,gamma_correction,daisy,0.9101123595505618,0.8617021276595744,0.8852459016393442,94.0
low_light__light__gamma_correction,enhanced,low_light,light,gamma_correction,dandelion,0.937984496124031,0.8962962962962963,0.9166666666666666,135.0
low_light__light__gamma_correction,enhanced,low_light,light,gamma_correction,roses,0.9468085106382979,0.9270833333333334,0.9368421052631579,96.0
low_light__light__gamma_correction,enhanced,low_light,light,gamma_correction,sunflowers,0.8114754098360656,0.9428571428571428,0.8722466960352423,105.0
low_light__light__gamma_correction,enhanced,low_light,light,gamma_correction,tulips,0.9051724137931034,0.875,0.8898305084745762,120.0
low_light__light__clahe,enhanced,low_light,light,clahe,daisy,0.9325842696629213,0.8829787234042553,0.907103825136612,94.0
low_light__light__clahe,enhanced,low_light,light,clahe,dandelion,0.9538461538461539,0.9185185185185185,0.9358490566037736,135.0
low_light__light__clahe,enhanced,low_light,light,clahe,roses,0.89,0.9270833333333334,0.9081632653061225,96.0
low_light__light__clahe,enhanced,low_light,light,clahe,sunflowers,0.8305084745762712,0.9333333333333333,0.8789237668161435,105.0
low_light__light__clahe,enhanced,low_light,light,clahe,tulips,0.911504424778761,0.8583333333333333,0.8841201716738197,120.0
low_light__medium__degraded,degraded,low_light,medium,none,daisy,0.8526315789473684,0.8617021276595744,0.8571428571428571,94.0
low_light__medium__degraded,degraded,low_light,medium,none,dandelion,0.984,0.9111111111111111,0.9461538461538461,135.0
low_light__medium__degraded,degraded,low_light,medium,none,roses,0.8504672897196262,0.9479166666666666,0.896551724137931,96.0
low_light__medium__degraded,degraded,low_light,medium,none,sunflowers,0.8425925925925926,0.8666666666666667,0.8544600938967136,105.0
low_light__medium__degraded,degraded,low_light,medium,none,tulips,0.8869565217391304,0.85,0.8680851063829788,120.0
low_light__medium__gamma_correction,enhanced,low_light,medium,gamma_correction,daisy,0.9101123595505618,0.8617021276595744,0.8852459016393442,94.0
low_light__medium__gamma_correction,enhanced,low_light,medium,gamma_correction,dandelion,0.9236641221374046,0.8962962962962963,0.9097744360902256,135.0
low_light__medium__gamma_correction,enhanced,low_light,medium,gamma_correction,roses,0.9183673469387755,0.9375,0.9278350515463918,96.0
low_light__medium__gamma_correction,enhanced,low_light,medium,gamma_correction,sunflowers,0.8114754098360656,0.9428571428571428,0.8722466960352423,105.0
low_light__medium__gamma_correction,enhanced,low_light,medium,gamma_correction,tulips,0.9090909090909091,0.8333333333333334,0.8695652173913043,120.0
low_light__medium__clahe,enhanced,low_light,medium,clahe,daisy,0.8804347826086957,0.8617021276595744,0.8709677419354839,94.0
low_light__medium__clahe,enhanced,low_light,medium,clahe,dandelion,0.968,0.8962962962962963,0.9307692307692308,135.0
low_light__medium__clahe,enhanced,low_light,medium,clahe,roses,0.8823529411764706,0.9375,0.9090909090909091,96.0
low_light__medium__clahe,enhanced,low_light,medium,clahe,sunflowers,0.8272727272727273,0.8666666666666667,0.8465116279069768,105.0
low_light__medium__clahe,enhanced,low_light,medium,clahe,tulips,0.8512396694214877,0.8583333333333333,0.8547717842323651,120.0
low_light__strong__degraded,degraded,low_light,strong,none,daisy,0.7872340425531915,0.7872340425531915,0.7872340425531915,94.0
low_light__strong__degraded,degraded,low_light,strong,none,dandelion,0.967479674796748,0.8814814814814815,0.9224806201550387,135.0
low_light__strong__degraded,degraded,low_light,strong,none,roses,0.7479674796747967,0.9583333333333334,0.8401826484018264,96.0
low_light__strong__degraded,degraded,low_light,strong,none,sunflowers,0.83,0.7904761904761904,0.8097560975609757,105.0
low_light__strong__degraded,degraded,low_light,strong,none,tulips,0.8454545454545455,0.775,0.808695652173913,120.0
low_light__strong__gamma_correction,enhanced,low_light,strong,gamma_correction,daisy,0.8723404255319149,0.8723404255319149,0.8723404255319149,94.0
low_light__strong__gamma_correction,enhanced,low_light,strong,gamma_correction,dandelion,0.9508196721311475,0.8592592592592593,0.9027237354085603,135.0
low_light__strong__gamma_correction,enhanced,low_light,strong,gamma_correction,roses,0.9207920792079208,0.96875,0.9441624365482234,96.0
low_light__strong__gamma_correction,enhanced,low_light,strong,gamma_correction,sunflowers,0.7874015748031497,0.9523809523809523,0.8620689655172413,105.0
low_light__strong__gamma_correction,enhanced,low_light,strong,gamma_correction,tulips,0.9245283018867925,0.8166666666666667,0.8672566371681416,120.0
low_light__strong__clahe,enhanced,low_light,strong,clahe,daisy,0.8387096774193549,0.8297872340425532,0.8342245989304813,94.0
low_light__strong__clahe,enhanced,low_light,strong,clahe,dandelion,0.967741935483871,0.8888888888888888,0.9266409266409267,135.0
low_light__strong__clahe,enhanced,low_light,strong,clahe,roses,0.7894736842105263,0.9375,0.8571428571428571,96.0
low_light__strong__clahe,enhanced,low_light,strong,clahe,sunflowers,0.8333333333333334,0.8095238095238095,0.821256038647343,105.0
low_light__strong__clahe,enhanced,low_light,strong,clahe,tulips,0.8290598290598291,0.8083333333333333,0.8185654008438819,120.0
gaussian_noise__light__degraded,degraded,gaussian_noise,light,none,daisy,0.9069767441860465,0.8297872340425532,0.8666666666666667,94.0
gaussian_noise__light__degraded,degraded,gaussian_noise,light,none,dandelion,0.9166666666666666,0.8962962962962963,0.9063670411985019,135.0
gaussian_noise__light__degraded,degraded,gaussian_noise,light,none,roses,0.8157894736842105,0.96875,0.8857142857142857,96.0
gaussian_noise__light__degraded,degraded,gaussian_noise,light,none,sunflowers,0.825,0.9428571428571428,0.88,105.0
gaussian_noise__light__degraded,degraded,gaussian_noise,light,none,tulips,0.9387755102040817,0.7666666666666667,0.8440366972477065,120.0
gaussian_noise__light__gaussian_filter,enhanced,gaussian_noise,light,gaussian_filter,daisy,0.9493670886075949,0.7978723404255319,0.8670520231213873,94.0
gaussian_noise__light__gaussian_filter,enhanced,gaussian_noise,light,gaussian_filter,dandelion,0.8689655172413793,0.9333333333333333,0.9,135.0
gaussian_noise__light__gaussian_filter,enhanced,gaussian_noise,light,gaussian_filter,roses,0.8761904761904762,0.9583333333333334,0.9154228855721394,96.0
gaussian_noise__light__gaussian_filter,enhanced,gaussian_noise,light,gaussian_filter,sunflowers,0.868421052631579,0.9428571428571428,0.9041095890410958,105.0
gaussian_noise__light__gaussian_filter,enhanced,gaussian_noise,light,gaussian_filter,tulips,0.9252336448598131,0.825,0.8722466960352423,120.0
gaussian_noise__light__bilateral_filter,enhanced,gaussian_noise,light,bilateral_filter,daisy,0.9186046511627907,0.8404255319148937,0.8777777777777778,94.0
gaussian_noise__light__bilateral_filter,enhanced,gaussian_noise,light,bilateral_filter,dandelion,0.9084507042253521,0.9555555555555556,0.9314079422382672,135.0
gaussian_noise__light__bilateral_filter,enhanced,gaussian_noise,light,bilateral_filter,roses,0.8823529411764706,0.9375,0.9090909090909091,96.0
gaussian_noise__light__bilateral_filter,enhanced,gaussian_noise,light,bilateral_filter,sunflowers,0.8990825688073395,0.9333333333333333,0.9158878504672897,105.0
gaussian_noise__light__bilateral_filter,enhanced,gaussian_noise,light,bilateral_filter,tulips,0.9099099099099099,0.8416666666666667,0.8744588744588745,120.0
gaussian_noise__medium__degraded,degraded,gaussian_noise,medium,none,daisy,0.9365079365079365,0.6276595744680851,0.7515923566878981,94.0
gaussian_noise__medium__degraded,degraded,gaussian_noise,medium,none,dandelion,0.8028169014084507,0.8444444444444444,0.8231046931407943,135.0
gaussian_noise__medium__degraded,degraded,gaussian_noise,medium,none,roses,0.6814814814814815,0.9583333333333334,0.7965367965367965,96.0
gaussian_noise__medium__degraded,degraded,gaussian_noise,medium,none,sunflowers,0.7401574803149606,0.8952380952380953,0.8103448275862069,105.0
gaussian_noise__medium__degraded,degraded,gaussian_noise,medium,none,tulips,0.891566265060241,0.6166666666666667,0.729064039408867,120.0
gaussian_noise__medium__gaussian_filter,enhanced,gaussian_noise,medium,gaussian_filter,daisy,0.9552238805970149,0.6808510638297872,0.7950310559006211,94.0
gaussian_noise__medium__gaussian_filter,enhanced,gaussian_noise,medium,gaussian_filter,dandelion,0.8141025641025641,0.9407407407407408,0.872852233676976,135.0
gaussian_noise__medium__gaussian_filter,enhanced,gaussian_noise,medium,gaussian_filter,roses,0.6690647482014388,0.96875,0.7914893617021277,96.0
gaussian_noise__medium__gaussian_filter,enhanced,gaussian_noise,medium,gaussian_filter,sunflowers,0.8623853211009175,0.8952380952380953,0.8785046728971962,105.0
gaussian_noise__medium__gaussian_filter,enhanced,gaussian_noise,medium,gaussian_filter,tulips,0.9367088607594937,0.6166666666666667,0.7437185929648241,120.0
gaussian_noise__medium__bilateral_filter,enhanced,gaussian_noise,medium,bilateral_filter,daisy,0.9315068493150684,0.723404255319149,0.8143712574850299,94.0
gaussian_noise__medium__bilateral_filter,enhanced,gaussian_noise,medium,bilateral_filter,dandelion,0.8246753246753247,0.9407407407407408,0.8788927335640139,135.0
gaussian_noise__medium__bilateral_filter,enhanced,gaussian_noise,medium,bilateral_filter,roses,0.6764705882352942,0.9583333333333334,0.7931034482758621,96.0
gaussian_noise__medium__bilateral_filter,enhanced,gaussian_noise,medium,bilateral_filter,sunflowers,0.8468468468468469,0.8952380952380953,0.8703703703703703,105.0
gaussian_noise__medium__bilateral_filter,enhanced,gaussian_noise,medium,bilateral_filter,tulips,0.9210526315789473,0.5833333333333334,0.7142857142857143,120.0
gaussian_noise__strong__degraded,degraded,gaussian_noise,strong,none,daisy,0.45588235294117646,0.32978723404255317,0.38271604938271603,94.0
gaussian_noise__strong__degraded,degraded,gaussian_noise,strong,none,dandelion,0.532608695652174,0.725925925925926,0.6144200626959248,135.0
gaussian_noise__strong__degraded,degraded,gaussian_noise,strong,none,roses,0.6629213483146067,0.6145833333333334,0.6378378378378379,96.0
gaussian_noise__strong__degraded,degraded,gaussian_noise,strong,none,sunflowers,0.693069306930693,0.6666666666666666,0.6796116504854369,105.0
gaussian_noise__strong__degraded,degraded,gaussian_noise,strong,none,tulips,0.6111111111111112,0.55,0.5789473684210527,120.0
gaussian_noise__strong__gaussian_filter,enhanced,gaussian_noise,strong,gaussian_filter,daisy,0.9,0.4787234042553192,0.625,94.0
gaussian_noise__strong__gaussian_filter,enhanced,gaussian_noise,strong,gaussian_filter,dandelion,0.6703296703296703,0.9037037037037037,0.7697160883280757,135.0
gaussian_noise__strong__gaussian_filter,enhanced,gaussian_noise,strong,gaussian_filter,roses,0.5411764705882353,0.9583333333333334,0.6917293233082706,96.0
gaussian_noise__strong__gaussian_filter,enhanced,gaussian_noise,strong,gaussian_filter,sunflowers,0.865979381443299,0.8,0.8316831683168316,105.0
gaussian_noise__strong__gaussian_filter,enhanced,gaussian_noise,strong,gaussian_filter,tulips,0.9411764705882353,0.4,0.5614035087719298,120.0
gaussian_noise__strong__bilateral_filter,enhanced,gaussian_noise,strong,bilateral_filter,daisy,0.8333333333333334,0.4787234042553192,0.6081081081081081,94.0
gaussian_noise__strong__bilateral_filter,enhanced,gaussian_noise,strong,bilateral_filter,dandelion,0.7692307692307693,0.7407407407407407,0.7547169811320755,135.0
gaussian_noise__strong__bilateral_filter,enhanced,gaussian_noise,strong,bilateral_filter,roses,0.5227272727272727,0.9583333333333334,0.6764705882352942,96.0
gaussian_noise__strong__bilateral_filter,enhanced,gaussian_noise,strong,bilateral_filter,sunflowers,0.6861313868613139,0.8952380952380953,0.7768595041322314,105.0
gaussian_noise__strong__bilateral_filter,enhanced,gaussian_noise,strong,bilateral_filter,tulips,0.8867924528301887,0.39166666666666666,0.5433526011560693,120.0
salt_pepper__light__degraded,degraded,salt_pepper,light,none,daisy,0.7821782178217822,0.8404255319148937,0.8102564102564103,94.0
salt_pepper__light__degraded,degraded,salt_pepper,light,none,dandelion,0.8571428571428571,0.9333333333333333,0.8936170212765957,135.0
salt_pepper__light__degraded,degraded,salt_pepper,light,none,roses,0.8723404255319149,0.8541666666666666,0.8631578947368421,96.0
salt_pepper__light__degraded,degraded,salt_pepper,light,none,sunflowers,0.8392857142857143,0.8952380952380953,0.8663594470046083,105.0
salt_pepper__light__degraded,degraded,salt_pepper,light,none,tulips,0.9479166666666666,0.7583333333333333,0.8425925925925926,120.0
salt_pepper__light__median_filter,enhanced,salt_pepper,light,median_filter,daisy,0.9176470588235294,0.8297872340425532,0.8715083798882681,94.0
salt_pepper__light__median_filter,enhanced,salt_pepper,light,median_filter,dandelion,0.9071428571428571,0.9407407407407408,0.9236363636363636,135.0
salt_pepper__light__median_filter,enhanced,salt_pepper,light,median_filter,roses,0.9166666666666666,0.9166666666666666,0.9166666666666666,96.0
salt_pepper__light__median_filter,enhanced,salt_pepper,light,median_filter,sunflowers,0.8899082568807339,0.9238095238095239,0.9065420560747663,105.0
salt_pepper__light__median_filter,enhanced,salt_pepper,light,median_filter,tulips,0.8666666666666667,0.8666666666666667,0.8666666666666667,120.0
salt_pepper__light__gaussian_filter,enhanced,salt_pepper,light,gaussian_filter,daisy,0.9036144578313253,0.7978723404255319,0.847457627118644,94.0
salt_pepper__light__gaussian_filter,enhanced,salt_pepper,light,gaussian_filter,dandelion,0.8227848101265823,0.9629629629629629,0.8873720136518771,135.0
salt_pepper__light__gaussian_filter,enhanced,salt_pepper,light,gaussian_filter,roses,0.7894736842105263,0.9375,0.8571428571428571,96.0
salt_pepper__light__gaussian_filter,enhanced,salt_pepper,light,gaussian_filter,sunflowers,0.8867924528301887,0.8952380952380953,0.8909952606635071,105.0
salt_pepper__light__gaussian_filter,enhanced,salt_pepper,light,gaussian_filter,tulips,0.9775280898876404,0.725,0.8325358851674641,120.0
salt_pepper__medium__degraded,degraded,salt_pepper,medium,none,daisy,0.5859375,0.7978723404255319,0.6756756756756757,94.0
salt_pepper__medium__degraded,degraded,salt_pepper,medium,none,dandelion,0.7901234567901234,0.9481481481481482,0.8619528619528619,135.0
salt_pepper__medium__degraded,degraded,salt_pepper,medium,none,roses,0.8395061728395061,0.7083333333333334,0.768361581920904,96.0
salt_pepper__medium__degraded,degraded,salt_pepper,medium,none,sunflowers,0.7807017543859649,0.8476190476190476,0.8127853881278538,105.0
salt_pepper__medium__degraded,degraded,salt_pepper,medium,none,tulips,0.9846153846153847,0.5333333333333333,0.6918918918918919,120.0
salt_pepper__medium__median_filter,enhanced,salt_pepper,medium,median_filter,daisy,0.9176470588235294,0.8297872340425532,0.8715083798882681,94.0
salt_pepper__medium__median_filter,enhanced,salt_pepper,medium,median_filter,dandelion,0.9014084507042254,0.9481481481481482,0.924187725631769,135.0
salt_pepper__medium__median_filter,enhanced,salt_pepper,medium,median_filter,roses,0.89,0.9270833333333334,0.9081632653061225,96.0
salt_pepper__medium__median_filter,enhanced,salt_pepper,medium,median_filter,sunflowers,0.8962264150943396,0.9047619047619048,0.9004739336492891,105.0
salt_pepper__medium__median_filter,enhanced,salt_pepper,medium,median_filter,tulips,0.8803418803418803,0.8583333333333333,0.869198312236287,120.0
salt_pepper__medium__gaussian_filter,enhanced,salt_pepper,medium,gaussian_filter,daisy,0.8625,0.7340425531914894,0.7931034482758621,94.0
salt_pepper__medium__gaussian_filter,enhanced,salt_pepper,medium,gaussian_filter,dandelion,0.7692307692307693,0.9629629629629629,0.8552631578947368,135.0
salt_pepper__medium__gaussian_filter,enhanced,salt_pepper,medium,gaussian_filter,roses,0.7166666666666667,0.8958333333333334,0.7962962962962963,96.0
salt_pepper__medium__gaussian_filter,enhanced,salt_pepper,medium,gaussian_filter,sunflowers,0.831858407079646,0.8952380952380953,0.8623853211009175,105.0
salt_pepper__medium__gaussian_filter,enhanced,salt_pepper,medium,gaussian_filter,tulips,0.9705882352941176,0.55,0.7021276595744681,120.0
salt_pepper__strong__degraded,degraded,salt_pepper,strong,none,daisy,0.6095238095238096,0.6808510638297872,0.6432160804020101,94.0
salt_pepper__strong__degraded,degraded,salt_pepper,strong,none,dandelion,0.6736842105263158,0.9481481481481482,0.7876923076923077,135.0
salt_pepper__strong__degraded,degraded,salt_pepper,strong,none,roses,0.7472527472527473,0.7083333333333334,0.7272727272727273,96.0
salt_pepper__strong__degraded,degraded,salt_pepper,strong,none,sunflowers,0.72,0.8571428571428571,0.782608695652174,105.0
salt_pepper__strong__degraded,degraded,salt_pepper,strong,none,tulips,1.0,0.325,0.49056603773584906,120.0
salt_pepper__strong__median_filter,enhanced,salt_pepper,strong,median_filter,daisy,0.9176470588235294,0.8297872340425532,0.8715083798882681,94.0
salt_pepper__strong__median_filter,enhanced,salt_pepper,strong,median_filter,dandelion,0.8958333333333334,0.9555555555555556,0.9247311827956989,135.0
salt_pepper__strong__median_filter,enhanced,salt_pepper,strong,median_filter,roses,0.8571428571428571,0.9375,0.8955223880597015,96.0
salt_pepper__strong__median_filter,enhanced,salt_pepper,strong,median_filter,sunflowers,0.8857142857142857,0.8857142857142857,0.8857142857142857,105.0
salt_pepper__strong__median_filter,enhanced,salt_pepper,strong,median_filter,tulips,0.8918918918918919,0.825,0.8571428571428571,120.0
salt_pepper__strong__gaussian_filter,enhanced,salt_pepper,strong,gaussian_filter,daisy,0.95,0.6063829787234043,0.7402597402597403,94.0
salt_pepper__strong__gaussian_filter,enhanced,salt_pepper,strong,gaussian_filter,dandelion,0.7159090909090909,0.9333333333333333,0.8102893890675241,135.0
salt_pepper__strong__gaussian_filter,enhanced,salt_pepper,strong,gaussian_filter,roses,0.6423357664233577,0.9166666666666666,0.7553648068669528,96.0
salt_pepper__strong__gaussian_filter,enhanced,salt_pepper,strong,gaussian_filter,sunflowers,0.8761904761904762,0.8761904761904762,0.8761904761904762,105.0
salt_pepper__strong__gaussian_filter,enhanced,salt_pepper,strong,gaussian_filter,tulips,0.9166666666666666,0.55,0.6875,120.0
gaussian_blur__light__degraded,degraded,gaussian_blur,light,none,daisy,0.8863636363636364,0.8297872340425532,0.8571428571428571,94.0
gaussian_blur__light__degraded,degraded,gaussian_blur,light,none,dandelion,0.8811188811188811,0.9333333333333333,0.9064748201438849,135.0
gaussian_blur__light__degraded,degraded,gaussian_blur,light,none,roses,0.9175257731958762,0.9270833333333334,0.9222797927461139,96.0
gaussian_blur__light__degraded,degraded,gaussian_blur,light,none,sunflowers,0.8715596330275229,0.9047619047619048,0.8878504672897196,105.0
gaussian_blur__light__degraded,degraded,gaussian_blur,light,none,tulips,0.911504424778761,0.8583333333333333,0.8841201716738197,120.0
gaussian_blur__light__unsharp_mask,enhanced,gaussian_blur,light,unsharp_mask,daisy,0.8695652173913043,0.851063829787234,0.8602150537634409,94.0
gaussian_blur__light__unsharp_mask,enhanced,gaussian_blur,light,unsharp_mask,dandelion,0.9071428571428571,0.9407407407407408,0.9236363636363636,135.0
gaussian_blur__light__unsharp_mask,enhanced,gaussian_blur,light,unsharp_mask,roses,0.9456521739130435,0.90625,0.925531914893617,96.0
gaussian_blur__light__unsharp_mask,enhanced,gaussian_blur,light,unsharp_mask,sunflowers,0.8738738738738738,0.9238095238095239,0.8981481481481481,105.0
gaussian_blur__light__unsharp_mask,enhanced,gaussian_blur,light,unsharp_mask,tulips,0.9043478260869565,0.8666666666666667,0.8851063829787233,120.0
gaussian_blur__light__sharpening,enhanced,gaussian_blur,light,sharpening,daisy,0.8977272727272727,0.8404255319148937,0.8681318681318682,94.0
gaussian_blur__light__sharpening,enhanced,gaussian_blur,light,sharpening,dandelion,0.900709219858156,0.9407407407407408,0.9202898550724637,135.0
gaussian_blur__light__sharpening,enhanced,gaussian_blur,light,sharpening,roses,0.9456521739130435,0.90625,0.925531914893617,96.0
gaussian_blur__light__sharpening,enhanced,gaussian_blur,light,sharpening,sunflowers,0.8672566371681416,0.9333333333333333,0.8990825688073395,105.0
gaussian_blur__light__sharpening,enhanced,gaussian_blur,light,sharpening,tulips,0.9051724137931034,0.875,0.8898305084745762,120.0
gaussian_blur__medium__degraded,degraded,gaussian_blur,medium,none,daisy,0.8723404255319149,0.8723404255319149,0.8723404255319149,94.0
gaussian_blur__medium__degraded,degraded,gaussian_blur,medium,none,dandelion,0.8503401360544217,0.9259259259259259,0.8865248226950354,135.0
gaussian_blur__medium__degraded,degraded,gaussian_blur,medium,none,roses,0.8787878787878788,0.90625,0.8923076923076924,96.0
gaussian_blur__medium__degraded,degraded,gaussian_blur,medium,none,sunflowers,0.8828828828828829,0.9333333333333333,0.9074074074074074,105.0
gaussian_blur__medium__degraded,degraded,gaussian_blur,medium,none,tulips,0.9393939393939394,0.775,0.8493150684931506,120.0
gaussian_blur__medium__unsharp_mask,enhanced,gaussian_blur,medium,unsharp_mask,daisy,0.8913043478260869,0.8723404255319149,0.8817204301075269,94.0
gaussian_blur__medium__unsharp_mask,enhanced,gaussian_blur,medium,unsharp_mask,dandelion,0.8707482993197279,0.9481481481481482,0.9078014184397163,135.0
gaussian_blur__medium__unsharp_mask,enhanced,gaussian_blur,medium,unsharp_mask,roses,0.90625,0.90625,0.90625,96.0
gaussian_blur__medium__unsharp_mask,enhanced,gaussian_blur,medium,unsharp_mask,sunflowers,0.8962264150943396,0.9047619047619048,0.9004739336492891,105.0
gaussian_blur__medium__unsharp_mask,enhanced,gaussian_blur,medium,unsharp_mask,tulips,0.908256880733945,0.825,0.8646288209606987,120.0
gaussian_blur__medium__sharpening,enhanced,gaussian_blur,medium,sharpening,daisy,0.8924731182795699,0.8829787234042553,0.8877005347593583,94.0
gaussian_blur__medium__sharpening,enhanced,gaussian_blur,medium,sharpening,dandelion,0.8657718120805369,0.9555555555555556,0.9084507042253521,135.0
gaussian_blur__medium__sharpening,enhanced,gaussian_blur,medium,sharpening,roses,0.8979591836734694,0.9166666666666666,0.9072164948453608,96.0
gaussian_blur__medium__sharpening,enhanced,gaussian_blur,medium,sharpening,sunflowers,0.9056603773584906,0.9142857142857143,0.909952606635071,105.0
gaussian_blur__medium__sharpening,enhanced,gaussian_blur,medium,sharpening,tulips,0.9423076923076923,0.8166666666666667,0.875,120.0
gaussian_blur__strong__degraded,degraded,gaussian_blur,strong,none,daisy,0.7575757575757576,0.7978723404255319,0.7772020725388601,94.0
gaussian_blur__strong__degraded,degraded,gaussian_blur,strong,none,dandelion,0.7151162790697675,0.9111111111111111,0.8013029315960912,135.0
gaussian_blur__strong__degraded,degraded,gaussian_blur,strong,none,roses,0.780952380952381,0.8541666666666666,0.8159203980099502,96.0
gaussian_blur__strong__degraded,degraded,gaussian_blur,strong,none,sunflowers,0.8958333333333334,0.819047619047619,0.8557213930348259,105.0
gaussian_blur__strong__degraded,degraded,gaussian_blur,strong,none,tulips,0.9230769230769231,0.6,0.7272727272727273,120.0
gaussian_blur__strong__unsharp_mask,enhanced,gaussian_blur,strong,unsharp_mask,daisy,0.77,0.8191489361702128,0.7938144329896907,94.0
gaussian_blur__strong__unsharp_mask,enhanced,gaussian_blur,strong,unsharp_mask,dandelion,0.7716049382716049,0.9259259259259259,0.8417508417508418,135.0
gaussian_blur__strong__unsharp_mask,enhanced,gaussian_blur,strong,unsharp_mask,roses,0.8469387755102041,0.8645833333333334,0.8556701030927835,96.0
gaussian_blur__strong__unsharp_mask,enhanced,gaussian_blur,strong,unsharp_mask,sunflowers,0.9183673469387755,0.8571428571428571,0.8866995073891626,105.0
gaussian_blur__strong__unsharp_mask,enhanced,gaussian_blur,strong,unsharp_mask,tulips,0.9347826086956522,0.7166666666666667,0.8113207547169812,120.0
gaussian_blur__strong__sharpening,enhanced,gaussian_blur,strong,sharpening,daisy,0.7676767676767676,0.8085106382978723,0.7875647668393783,94.0
gaussian_blur__strong__sharpening,enhanced,gaussian_blur,strong,sharpening,dandelion,0.7530864197530864,0.9037037037037037,0.8215488215488216,135.0
gaussian_blur__strong__sharpening,enhanced,gaussian_blur,strong,sharpening,roses,0.8350515463917526,0.84375,0.8393782383419689,96.0
gaussian_blur__strong__sharpening,enhanced,gaussian_blur,strong,sharpening,sunflowers,0.9081632653061225,0.8476190476190476,0.8768472906403941,105.0
gaussian_blur__strong__sharpening,enhanced,gaussian_blur,strong,sharpening,tulips,0.9042553191489362,0.7083333333333334,0.794392523364486,120.0
color_cast__light__degraded,degraded,color_cast,light,none,daisy,0.9204545454545454,0.8617021276595744,0.8901098901098901,94.0
color_cast__light__degraded,degraded,color_cast,light,none,dandelion,0.9398496240601504,0.9259259259259259,0.9328358208955224,135.0
color_cast__light__degraded,degraded,color_cast,light,none,roses,0.9375,0.9375,0.9375,96.0
color_cast__light__degraded,degraded,color_cast,light,none,sunflowers,0.8403361344537815,0.9523809523809523,0.8928571428571429,105.0
color_cast__light__degraded,degraded,color_cast,light,none,tulips,0.9035087719298246,0.8583333333333333,0.8803418803418803,120.0
color_cast__light__rgb_balance,enhanced,color_cast,light,rgb_balance,daisy,0.8709677419354839,0.8617021276595744,0.8663101604278075,94.0
color_cast__light__rgb_balance,enhanced,color_cast,light,rgb_balance,dandelion,0.9312977099236641,0.9037037037037037,0.9172932330827067,135.0
color_cast__light__rgb_balance,enhanced,color_cast,light,rgb_balance,roses,0.9468085106382979,0.9270833333333334,0.9368421052631579,96.0
color_cast__light__rgb_balance,enhanced,color_cast,light,rgb_balance,sunflowers,0.8048780487804879,0.9428571428571428,0.868421052631579,105.0
color_cast__light__rgb_balance,enhanced,color_cast,light,rgb_balance,tulips,0.926605504587156,0.8416666666666667,0.8820960698689956,120.0
color_cast__light__hsv_correction,enhanced,color_cast,light,hsv_correction,daisy,0.898876404494382,0.851063829787234,0.8743169398907104,94.0
color_cast__light__hsv_correction,enhanced,color_cast,light,hsv_correction,dandelion,0.9124087591240876,0.9259259259259259,0.9191176470588235,135.0
color_cast__light__hsv_correction,enhanced,color_cast,light,hsv_correction,roses,0.9270833333333334,0.9270833333333334,0.9270833333333334,96.0
color_cast__light__hsv_correction,enhanced,color_cast,light,hsv_correction,sunflowers,0.8362068965517241,0.9238095238095239,0.8778280542986425,105.0
color_cast__light__hsv_correction,enhanced,color_cast,light,hsv_correction,tulips,0.9285714285714286,0.8666666666666667,0.896551724137931,120.0
color_cast__light__lab_correction,enhanced,color_cast,light,lab_correction,daisy,0.8421052631578947,0.851063829787234,0.8465608465608465,94.0
color_cast__light__lab_correction,enhanced,color_cast,light,lab_correction,dandelion,0.9242424242424242,0.9037037037037037,0.9138576779026217,135.0
color_cast__light__lab_correction,enhanced,color_cast,light,lab_correction,roses,0.925531914893617,0.90625,0.9157894736842105,96.0
color_cast__light__lab_correction,enhanced,color_cast,light,lab_correction,sunflowers,0.8636363636363636,0.9047619047619048,0.8837209302325582,105.0
color_cast__light__lab_correction,enhanced,color_cast,light,lab_correction,tulips,0.865546218487395,0.8583333333333333,0.8619246861924686,120.0
color_cast__medium__degraded,degraded,color_cast,medium,none,daisy,0.9080459770114943,0.8404255319148937,0.8729281767955801,94.0
color_cast__medium__degraded,degraded,color_cast,medium,none,dandelion,0.9333333333333333,0.9333333333333333,0.9333333333333333,135.0
color_cast__medium__degraded,degraded,color_cast,medium,none,roses,0.9166666666666666,0.9166666666666666,0.9166666666666666,96.0
color_cast__medium__degraded,degraded,color_cast,medium,none,sunflowers,0.8403361344537815,0.9523809523809523,0.8928571428571429,105.0
color_cast__medium__degraded,degraded,color_cast,medium,none,tulips,0.911504424778761,0.8583333333333333,0.8841201716738197,120.0
color_cast__medium__rgb_balance,enhanced,color_cast,medium,rgb_balance,daisy,0.8695652173913043,0.851063829787234,0.8602150537634409,94.0
color_cast__medium__rgb_balance,enhanced,color_cast,medium,rgb_balance,dandelion,0.9384615384615385,0.9037037037037037,0.9207547169811321,135.0
color_cast__medium__rgb_balance,enhanced,color_cast,medium,rgb_balance,roses,0.9263157894736842,0.9166666666666666,0.9214659685863874,96.0
color_cast__medium__rgb_balance,enhanced,color_cast,medium,rgb_balance,sunflowers,0.7983870967741935,0.9428571428571428,0.8646288209606987,105.0
color_cast__medium__rgb_balance,enhanced,color_cast,medium,rgb_balance,tulips,0.926605504587156,0.8416666666666667,0.8820960698689956,120.0
color_cast__medium__hsv_correction,enhanced,color_cast,medium,hsv_correction,daisy,0.9058823529411765,0.8191489361702128,0.8603351955307262,94.0
color_cast__medium__hsv_correction,enhanced,color_cast,medium,hsv_correction,dandelion,0.9078014184397163,0.9481481481481482,0.927536231884058,135.0
color_cast__medium__hsv_correction,enhanced,color_cast,medium,hsv_correction,roses,0.9183673469387755,0.9375,0.9278350515463918,96.0
color_cast__medium__hsv_correction,enhanced,color_cast,medium,hsv_correction,sunflowers,0.8584070796460177,0.9238095238095239,0.8899082568807339,105.0
color_cast__medium__hsv_correction,enhanced,color_cast,medium,hsv_correction,tulips,0.911504424778761,0.8583333333333333,0.8841201716738197,120.0
color_cast__medium__lab_correction,enhanced,color_cast,medium,lab_correction,daisy,0.8144329896907216,0.8404255319148937,0.8272251308900523,94.0
color_cast__medium__lab_correction,enhanced,color_cast,medium,lab_correction,dandelion,0.917910447761194,0.9111111111111111,0.9144981412639405,135.0
color_cast__medium__lab_correction,enhanced,color_cast,medium,lab_correction,roses,0.8712871287128713,0.9166666666666666,0.8934010152284264,96.0
color_cast__medium__lab_correction,enhanced,color_cast,medium,lab_correction,sunflowers,0.8910891089108911,0.8571428571428571,0.8737864077669902,105.0
color_cast__medium__lab_correction,enhanced,color_cast,medium,lab_correction,tulips,0.8717948717948718,0.85,0.8607594936708861,120.0
color_cast__strong__degraded,degraded,color_cast,strong,none,daisy,0.9102564102564102,0.7553191489361702,0.8255813953488372,94.0
color_cast__strong__degraded,degraded,color_cast,strong,none,dandelion,0.8873239436619719,0.9333333333333333,0.9097472924187726,135.0
color_cast__strong__degraded,degraded,color_cast,strong,none,roses,0.8979591836734694,0.9166666666666666,0.9072164948453608,96.0
color_cast__strong__degraded,degraded,color_cast,strong,none,sunflowers,0.8205128205128205,0.9142857142857143,0.8648648648648649,105.0
color_cast__strong__degraded,degraded,color_cast,strong,none,tulips,0.9043478260869565,0.8666666666666667,0.8851063829787233,120.0
color_cast__strong__rgb_balance,enhanced,color_cast,strong,rgb_balance,daisy,0.8541666666666666,0.8723404255319149,0.8631578947368421,94.0
color_cast__strong__rgb_balance,enhanced,color_cast,strong,rgb_balance,dandelion,0.952755905511811,0.8962962962962963,0.9236641221374046,135.0
color_cast__strong__rgb_balance,enhanced,color_cast,strong,rgb_balance,roses,0.9175257731958762,0.9270833333333334,0.9222797927461139,96.0
color_cast__strong__rgb_balance,enhanced,color_cast,strong,rgb_balance,sunflowers,0.7983870967741935,0.9428571428571428,0.8646288209606987,105.0
color_cast__strong__rgb_balance,enhanced,color_cast,strong,rgb_balance,tulips,0.9433962264150944,0.8333333333333334,0.8849557522123894,120.0
color_cast__strong__hsv_correction,enhanced,color_cast,strong,hsv_correction,daisy,0.9090909090909091,0.7446808510638298,0.8187134502923976,94.0
color_cast__strong__hsv_correction,enhanced,color_cast,strong,hsv_correction,dandelion,0.8951048951048951,0.9481481481481482,0.920863309352518,135.0
color_cast__strong__hsv_correction,enhanced,color_cast,strong,hsv_correction,roses,0.8910891089108911,0.9375,0.9137055837563451,96.0
color_cast__strong__hsv_correction,enhanced,color_cast,strong,hsv_correction,sunflowers,0.8558558558558559,0.9047619047619048,0.8796296296296297,105.0
color_cast__strong__hsv_correction,enhanced,color_cast,strong,hsv_correction,tulips,0.8813559322033898,0.8666666666666667,0.8739495798319328,120.0
color_cast__strong__lab_correction,enhanced,color_cast,strong,lab_correction,daisy,0.8235294117647058,0.7446808510638298,0.7821229050279329,94.0
color_cast__strong__lab_correction,enhanced,color_cast,strong,lab_correction,dandelion,0.8741258741258742,0.9259259259259259,0.8992805755395683,135.0
color_cast__strong__lab_correction,enhanced,color_cast,strong,lab_correction,roses,0.8181818181818182,0.9375,0.8737864077669902,96.0
color_cast__strong__lab_correction,enhanced,color_cast,strong,lab_correction,sunflowers,0.9239130434782609,0.8095238095238095,0.8629441624365483,105.0
color_cast__strong__lab_correction,enhanced,color_cast,strong,lab_correction,tulips,0.8666666666666667,0.8666666666666667,0.8666666666666667,120.0
