condition_id,image_type,degradation,level,degradation_params,enhancement_method,enhancement_params,sample_count,inference_time_ms_per_image_mean,inference_time_ms_per_image_median,inference_time_ms_per_image_p95,latency_runs,latency_batch_size,latency_warmup_runs,psnr,ssim,delta_e_2000,mean_brightness,rms_contrast,edge_preservation_ratio,histogram_distance,accuracy,macro_precision,macro_recall,macro_f1,weighted_f1
clean,clean,clean,none,{},none,{},10,22.725010011345148,22.725010011345148,22.725010011345148,1,10,1,100.0,1.0,0.0,67.32367400085033,72.59197022883068,1.0,0.0,0.2,0.15,0.2,0.16666666666666666,0.16666666666666666
low_light__light__degraded,degraded,low_light,light,"{""gamma"": 1.5}",none,{},10,24.19811999425292,24.19811999425292,24.19811999425292,1,10,1,21.013675612768193,0.8307012575764838,,52.15009066685267,60.62216083911004,0.9311914112243281,0.06308343825626232,0.2,0.15,0.2,0.16666666666666666,0.16666666666666666
low_light__light__gamma_correction,enhanced,low_light,light,"{""gamma"": 1.5}",gamma_correction,{},10,24.616310000419617,24.616310000419617,24.616310000419617,1,10,1,45.02356072836981,0.9831087444386766,,69.51004769411671,68.16271741498034,1.0040645267699695,0.011039769934491253,0.2,0.15,0.2,0.16666666666666666,0.16666666666666666
low_light__light__clahe,enhanced,low_light,light,"{""gamma"": 1.5}",clahe,"{""clip_limit"": 1.5}",10,26.291869999840856,26.291869999840856,26.291869999840856,1,10,1,24.194098404745297,0.8927927296696497,,61.11314903938138,65.8386210129826,1.179891604095194,0.04421732197161587,0.2,0.08333333333333333,0.2,0.11666666666666665,0.11666666666666665
low_light__medium__degraded,degraded,low_light,medium,"{""gamma"": 2.5}",none,{},10,21.725600003264844,21.725600003264844,21.725600003264844,1,10,1,14.722888348976678,0.5763001675433693,,33.615592578125,49.895251876543725,0.7812494117572036,0.10799049907778328,0.1,0.04,0.1,0.05714285714285714,0.05714285714285714
low_light__medium__gamma_correction,enhanced,low_light,medium,"{""gamma"": 2.5}",gamma_correction,{},10,27.79504000209272,27.79504000209272,27.79504000209272,1,10,1,32.44840027494583,0.8904691721752979,,67.39830260881698,69.32608202864502,1.0301842877404759,0.07949065630430667,0.2,0.15,0.2,0.16666666666666666,0.16666666666666666
low_light__medium__clahe,enhanced,low_light,medium,"{""gamma"": 2.5}",clahe,"{""clip_limit"": 2.5}",10,23.066639993339777,23.066639993339777,23.066639993339777,1,10,1,17.777065080820726,0.6832202288896413,,45.596248666693235,58.74994145462021,1.0820321337357512,0.0800905453248382,0.3,0.15714285714285714,0.3,0.18888888888888888,0.18888888888888888
low_light__strong__degraded,degraded,low_light,strong,"{""gamma"": 4.0}",none,{},10,24.53705999068916,24.53705999068916,24.53705999068916,1,10,1,12.009917768069215,0.43093993064689007,,21.264485614636477,40.09689978645015,0.6144920706723738,0.13566690334441028,0.3,0.14666666666666667,0.3,0.19428571428571428,0.19428571428571428
low_light__strong__gamma_correction,enhanced,low_light,strong,"{""gamma"": 4.0}",gamma_correction,{},10,21.15556001663208,21.15556001663208,21.15556001663208,1,10,1,23.554568581971772,0.7662781938466212,,61.733651893335455,71.32401724890815,1.0697399536968488,0.12969068247803225,0.3,0.30666666666666664,0.3,0.2704761904761905,0.2704761904761905
low_light__strong__clahe,enhanced,low_light,strong,"{""gamma"": 4.0}",clahe,"{""clip_limit"": 2.0}",10,37.25938000716269,37.25938000716269,37.25938000716269,1,10,1,13.63288812616222,0.5043448070370721,,29.422388046077806,47.96170989821729,0.8215523248120711,0.11483425256382274,0.3,0.16666666666666666,0.3,0.2,0.2
gaussian_noise__light__degraded,degraded,gaussian_noise,light,"{""sigma"": 10.0}",none,{},10,21.74736000597477,21.74736000597477,21.74736000597477,1,10,1,29.132063680972283,0.697909902505209,,71.31966170679209,67.21800250354133,1.0950349627616407,0.029835550895037376,0.3,0.2,0.3,0.24000000000000005,0.24000000000000005
gaussian_noise__light__gaussian_filter,enhanced,gaussian_noise,light,"{""sigma"": 10.0}",gaussian_filter,"{""sigma"": 1.3}",10,24.240750004537404,24.240750004537404,24.240750004537404,1,10,1,23.302102394469973,0.6462657592198268,,70.81996995774873,62.111222252713354,0.5977392385457044,0.037159466546840145,0.4,0.2,0.4,0.26666666666666666,0.26666666666666666
gaussian_noise__light__bilateral_filter,enhanced,gaussian_noise,light,"{""sigma"": 10.0}",bilateral_filter,"{""range_sigma"": 60}",10,31.83029000647366,31.83029000647366,31.83029000647366,1,10,1,29.77013836902857,0.7721341405017622,,70.69627442004145,65.61465167469021,0.7922874189605003,0.02763621075412742,0.3,0.14666666666666667,0.3,0.19428571428571428,0.19428571428571428
gaussian_noise__medium__degraded,degraded,gaussian_noise,medium,"{""sigma"": 25.0}",none,{},10,20.821449998766184,20.821449998766184,20.821449998766184,1,10,1,21.427104302030347,0.46093787996542995,,73.55238715322066,66.12344228946975,1.321348924708393,0.04384657498945409,0.4,0.3,0.4,0.3333333333333333,0.3333333333333333
gaussian_noise__medium__gaussian_filter,enhanced,gaussian_noise,medium,"{""sigma"": 25.0}",gaussian_filter,"{""sigma"": 1.0}",10,21.046989993192255,21.046989993192255,21.046989993192255,1,10,1,23.507633397662016,0.5593600684842334,,73.05222795161032,60.873036076871244,0.7316262136948941,0.09816843424768262,0.3,0.20666666666666664,0.3,0.23714285714285716,0.23714285714285716
gaussian_noise__medium__bilateral_filter,enhanced,gaussian_noise,medium,"{""sigma"": 25.0}",bilateral_filter,"{""range_sigma"": 40}",10,46.46131000481546,46.46131000481546,46.46131000481546,1,10,1,25.691695557086547,0.598466244252186,,72.66294175302933,64.80041310320057,0.9794175727952548,0.0814873285968796,0.2,0.2,0.2,0.2,0.2
gaussian_noise__strong__degraded,degraded,gaussian_noise,strong,"{""sigma"": 50.0}",none,{},10,23.35016999859363,23.35016999859363,23.35016999859363,1,10,1,15.809490483147467,0.2875973377420698,,77.95381303013393,65.46147014962932,1.7531509836764283,0.05728738388558944,0.4,0.45714285714285713,0.4,0.3555555555555555,0.3555555555555555
gaussian_noise__strong__gaussian_filter,enhanced,gaussian_noise,strong,"{""sigma"": 50.0}",gaussian_filter,"{""sigma"": 1.3}",10,23.283610004000366,23.283610004000366,23.283610004000366,1,10,1,20.562857018022278,0.43293723034511294,,77.45436939971302,55.48306967942379,0.6553873536286393,0.15904758039671998,0.3,0.20666666666666664,0.3,0.23714285714285716,0.23714285714285716
gaussian_noise__strong__bilateral_filter,enhanced,gaussian_noise,strong,"{""sigma"": 50.0}",bilateral_filter,"{""range_sigma"": 60}",10,29.336610017344356,29.336610017344356,29.336610017344356,1,10,1,19.557426257069658,0.3893660740095977,,76.53433723493305,62.01003232358197,1.1929567176011588,0.130788294907177,0.3,0.18333333333333332,0.3,0.22666666666666666,0.22666666666666666
salt_pepper__light__degraded,degraded,salt_pepper,light,"{""amount"": 0.01}",none,{},10,29.818769986741245,29.818769986741245,29.818769986741245,1,10,1,24.013689048097483,0.8559030663861954,,71.13755059590241,69.37856725664705,1.149807013193976,0.008603538095297656,0.2,0.25,0.2,0.2,0.2
salt_pepper__light__median_filter,enhanced,salt_pepper,light,"{""amount"": 0.01}",median_filter,"{""kernel"": 5}",10,22.111600008793175,22.111600008793175,22.111600008793175,1,10,1,23.218011877787074,0.7748885580129858,,69.6859864835778,65.5827809246831,0.5864101005849924,0.02210080785476686,0.2,0.08,0.2,0.11428571428571428,0.11428571428571428
salt_pepper__light__gaussian_filter,enhanced,salt_pepper,light,"{""amount"": 0.01}",gaussian_filter,"{""sigma"": 1.0}",10,35.38570997770876,35.38570997770876,35.38570997770876,1,10,1,24.449426728241622,0.7744580753525455,,70.731751042331,63.77978911315174,0.7293051300751856,0.030419348623191716,0.2,0.16666666666666666,0.2,0.18,0.18
salt_pepper__medium__degraded,degraded,salt_pepper,medium,"{""amount"": 0.03}",none,{},10,22.921770019456744,22.921770019456744,22.921770019456744,1,10,1,19.31962406410573,0.6498061354445097,,72.2662357302296,71.55193241509437,1.4279307124547649,0.01876869388348507,0.1,0.06666666666666667,0.1,0.08,0.08
salt_pepper__medium__median_filter,enhanced,salt_pepper,medium,"{""amount"": 0.03}",median_filter,"{""kernel"": 5}",10,22.271579992957413,22.271579992957413,22.271579992957413,1,10,1,23.174322667969793,0.7738842957779607,,69.68501478196748,65.57927485355525,0.5883052016041658,0.022086754783892503,0.3,0.14666666666666667,0.3,0.19428571428571428,0.19428571428571428
salt_pepper__medium__gaussian_filter,enhanced,salt_pepper,medium,"{""amount"": 0.03}",gaussian_filter,"{""sigma"": 0.7}",10,31.512479996308684,31.512479996308684,31.512479996308684,1,10,1,24.048160138462755,0.6823311587956227,,71.84849543606506,64.484354916032,1.016385951136449,0.03047767647414833,0.2,0.15,0.2,0.16666666666666666,0.16666666666666666
salt_pepper__strong__degraded,degraded,salt_pepper,strong,"{""amount"": 0.07}",none,{},10,23.709009983576834,23.709009983576834,23.709009983576834,1,10,1,15.642671020058216,0.42226962007228,,74.53112204041773,75.60063642176571,1.9317207024248924,0.03304133960721812,0.1,0.05,0.1,0.06666666666666667,0.06666666666666667
salt_pepper__strong__median_filter,enhanced,salt_pepper,strong,"{""amount"": 0.07}",median_filter,"{""kernel"": 5}",10,20.442919991910458,20.442919991910458,20.442919991910458,1,10,1,23.022578998465086,0.7713437791921602,,69.70678703364158,65.61522250101581,0.5915951484865525,0.02186221950199465,0.2,0.10666666666666666,0.2,0.13714285714285715,0.13714285714285715
salt_pepper__strong__gaussian_filter,enhanced,salt_pepper,strong,"{""amount"": 0.07}",gaussian_filter,"{""sigma"": 1.0}",10,22.628939989954233,22.628939989954233,22.628939989954233,1,10,1,21.892856349067173,0.5182390356656061,,74.06063753587372,60.992801076318415,0.9825091286268611,0.05589215662658281,0.5,0.31333333333333335,0.5,0.3742857142857143,0.3742857142857143
gaussian_blur__light__degraded,degraded,gaussian_blur,light,"{""kernel"": 3}",none,{},10,28.86449999641627,28.86449999641627,28.86449999641627,1,10,1,26.71666009444973,0.9035062654943191,,70.15581810427297,64.99967498403939,0.7412473520574063,0.022916011851158553,0.3,0.21666666666666665,0.3,0.24666666666666667,0.24666666666666667
gaussian_blur__light__unsharp_mask,enhanced,gaussian_blur,light,"{""kernel"": 3}",unsharp_mask,"{""amount"": 1.0, ""radius"": 1.5}",10,22.064329986460507,22.064329986460507,22.064329986460507,1,10,1,29.445866861744367,0.9490547458513262,,69.97292271205356,68.5289929715434,1.0420099359408468,0.012366557902399227,0.4,0.36666666666666664,0.4,0.3333333333333333,0.3333333333333333
gaussian_blur__light__sharpening,enhanced,gaussian_blur,light,"{""kernel"": 3}",sharpening,{},10,24.126369995065033,24.126369995065033,24.126369995065033,1,10,1,30.300931192291575,0.9550736595935986,,70.25534194236289,66.81145489539338,0.9054460115965599,0.010221071976433628,0.3,0.20666666666666664,0.3,0.23714285714285716,0.23714285714285716
gaussian_blur__medium__degraded,degraded,gaussian_blur,medium,"{""kernel"": 7}",none,{},10,21.172029990702868,21.172029990702868,21.172029990702868,1,10,1,23.087794993095258,0.7812850765198015,,70.14712618981186,62.98377545850981,0.5661540032649199,0.03469833097967911,0.5,0.29999999999999993,0.5,0.37333333333333335,0.37333333333333335
gaussian_blur__medium__unsharp_mask,enhanced,gaussian_blur,medium,"{""kernel"": 7}",unsharp_mask,"{""amount"": 0.7, ""radius"": 1.0}",10,26.23797000851482,26.23797000851482,26.23797000851482,1,10,1,23.753778241651393,0.8102288175638973,,69.7762053252551,63.55141538621145,0.6155646231687695,0.030329425913170033,0.5,0.3,0.5,0.36666666666666664,0.36666666666666664
gaussian_blur__medium__sharpening,enhanced,gaussian_blur,medium,"{""kernel"": 7}",sharpening,{},10,20.328030013479292,20.328030013479292,20.328030013479292,1,10,1,23.924177907634185,0.8174715388558976,,70.20643719108736,63.78831295242029,0.6244328907468691,0.029554518402656438,0.4,0.2333333333333333,0.4,0.29333333333333333,0.29333333333333333
gaussian_blur__strong__degraded,degraded,gaussian_blur,strong,"{""kernel"": 15}",none,{},10,22.69399999640882,22.69399999640882,22.69399999640882,1,10,1,20.42786590929909,0.6196142624730154,,70.13432212611607,60.01279170820161,0.39286426732235363,0.05224235919039558,0.3,0.26666666666666666,0.3,0.27999999999999997,0.27999999999999997
gaussian_blur__strong__unsharp_mask,enhanced,gaussian_blur,strong,"{""kernel"": 15}",unsharp_mask,"{""amount"": 1.2, ""radius"": 2.0}",10,21.844159997999668,21.844159997999668,21.844159997999668,1,10,1,21.296870591326417,0.6768017920329699,,69.80565887874681,61.76187929460798,0.46925757575788707,0.03937255880606486,0.1,0.06666666666666667,0.1,0.08,0.08
gaussian_blur__strong__sharpening,enhanced,gaussian_blur,strong,"{""kernel"": 15}",sharpening,{},10,27.389309997670352,27.389309997670352,27.389309997670352,1,10,1,20.620396878463982,0.63264024228182,,70.19028271484375,60.33163737936777,0.4064714588578819,0.05038687671271787,0.3,0.2,0.3,0.24000000000000005,0.24000000000000005
color_cast__light__degraded,degraded,color_cast,light,"{""gains"": [1.05, 1.0, 0.95]}",none,{},10,20.654589985497296,20.654589985497296,20.654589985497296,1,10,1,36.428819291556024,0.9973522463337503,1.5215317762722393,71.2295803790657,68.80887075157241,1.0071191435523206,0.01878878492513817,0.2,0.15,0.2,0.16666666666666666,0.16666666666666666
color_cast__light__rgb_balance,enhanced,color_cast,light,"{""gains"": [1.05, 1.0, 0.95]}",rgb_balance,{},10,22.848639986477792,22.848639986477792,22.848639986477792,1,10,1,23.99731346158198,0.9628809024991696,8.463012969942943,66.65367426259567,65.6803147068213,0.9650775164850203,0.0575817925819293,0.3,0.21666666666666665,0.3,0.24666666666666667,0.24666666666666667
color_cast__light__hsv_correction,enhanced,color_cast,light,"{""gains"": [1.05, 1.0, 0.95]}",hsv_correction,{},10,34.60609000176191,34.60609000176191,34.60609000176191,1,10,1,25.097117231524443,0.9336129972822613,4.81477472299226,75.92141048708545,72.79138470842913,1.1221252479107375,0.046695732840863126,0.2,0.16666666666666666,0.2,0.18,0.18
color_cast__light__lab_correction,enhanced,color_cast,light,"{""gains"": [1.05, 1.0, 0.95]}",lab_correction,{},10,21.598330000415444,21.598330000415444,21.598330000415444,1,10,1,22.070600305866776,0.7891007982775802,9.88613069551438,80.13251760602678,73.58937427264263,1.0827925610273819,0.11289056329894316,0.3,0.26666666666666666,0.3,0.2333333333333333,0.2333333333333333
color_cast__medium__degraded,degraded,color_cast,medium,"{""gains"": [1.15, 1.0, 0.85]}",none,{},10,21.15815000142902,21.15815000142902,21.15815000142902,1,10,1,27.169221845385117,0.9862586966002775,4.294806859997857,72.68813647759886,69.65164431371889,1.0155352806019633,0.03603652509180147,0.3,0.2,0.3,0.2333333333333333,0.2333333333333333
color_cast__medium__rgb_balance,enhanced,color_cast,medium,"{""gains"": [1.15, 1.0, 0.85]}",rgb_balance,{},10,20.758719998411834,20.758719998411834,20.758719998411834,1,10,1,23.783628716279544,0.9597526221296515,8.446700417807646,67.19196570073342,65.85604784225252,0.965993599283896,0.06309790550496118,0.3,0.18333333333333332,0.3,0.22666666666666666,0.22666666666666666
color_cast__medium__hsv_correction,enhanced,color_cast,medium,"{""gains"": [1.15, 1.0, 0.85]}",hsv_correction,{},10,21.216519991867244,21.216519991867244,21.216519991867244,1,10,1,23.385049131956393,0.9272754340970518,6.465781153058853,77.4278222516741,72.91600690803159,1.1149958863891438,0.05529275862440378,0.3,0.18,0.3,0.21428571428571427,0.21428571428571427
color_cast__medium__lab_correction,enhanced,color_cast,medium,"{""gains"": [1.15, 1.0, 0.85]}",lab_correction,{},10,30.295979999937117,30.295979999937117,30.295979999937117,1,10,1,21.12023299406075,0.7708418585919163,10.97383220124438,82.1353413404815,74.18696551102644,1.086595217485523,0.1213280777043785,0.4,0.3333333333333333,0.4,0.3133333333333333,0.3133333333333333
color_cast__strong__degraded,degraded,color_cast,strong,"{""gains"": [1.3, 1.0, 0.7]}",none,{},10,21.30190001334995,21.30190001334995,21.30190001334995,1,10,1,21.539412942677618,0.9511728659812848,7.863553654305828,74.47503528579401,70.35736169948063,1.0184337719736924,0.05461271434074355,0.2,0.06666666666666667,0.2,0.1,0.1
color_cast__strong__rgb_balance,enhanced,color_cast,strong,"{""gains"": [1.3, 1.0, 0.7]}",rgb_balance,{},10,20.82999001722783,20.82999001722783,20.82999001722783,1,10,1,23.180645741564664,0.952235504461713,8.49852763164873,67.52157968152105,65.62150208945242,0.9600348299368404,0.07026749050479597,0.3,0.18333333333333332,0.3,0.22666666666666666,0.22666666666666666
color_cast__strong__hsv_correction,enhanced,color_cast,strong,"{""gains"": [1.3, 1.0, 0.7]}",hsv_correction,{},10,34.206940000876784,34.206940000876784,34.206940000876784,1,10,1,20.577138004512957,0.9076556743429046,9.166013285402784,78.89614869858099,72.62327303279206,1.0977547679851614,0.0676597818887277,0.2,0.09,0.2,0.12380952380952381,0.12380952380952381
color_cast__strong__lab_correction,enhanced,color_cast,strong,"{""gains"": [1.3, 1.0, 0.7]}",lab_correction,{},10,21.62009000312537,21.62009000312537,21.62009000312537,1,10,1,19.3481528131149,0.7248734915681644,13.259197700290414,85.3725445033482,74.96924576782249,1.089050504907364,0.14581159626900747,0.4,0.3571428571428571,0.4,0.32222222222222224,0.32222222222222224
