relative_path,sha256,condition_id,true_label,degradation,level,enhancement_method,error_group,clean_pred,clean_confidence,degraded_pred,degraded_confidence,enhanced_pred,enhanced_confidence,confidence_delta
data/flower_photos/daisy/10172379554_b296050f82_n.jpg,9d28fe37d384974429e51febd82380e2ae17aed72dd59fb3ff938fa519bc4cc6,color_cast__light__hsv_correction,daisy,color_cast,light,hsv_correction,always_wrong,tulips,0.4619367718696594,tulips,0.46860799193382263,tulips,0.3614155054092407,-0.10719248652458191
data/flower_photos/daisy/102841525_bd6628ae3c.jpg,1adc5dbb8ba26a8d3d915ef8dc285241eb4d6e3e31cb2bbdcd04fc655f879c59,color_cast__light__hsv_correction,daisy,color_cast,light,hsv_correction,confidence_increased_still_wrong,sunflowers,0.6287983655929565,sunflowers,0.6182167530059814,sunflowers,0.7078112363815308,0.08959448337554932
data/flower_photos/dandelion/10683189_bd6e371b97.jpg,ba15d73ee9d036cc9df4a5e4b7dc9f7e350c481436f3be3ed980f8431abc3c22,color_cast__light__hsv_correction,dandelion,color_cast,light,hsv_correction,confidence_increased_still_wrong,tulips,0.3903752863407135,tulips,0.40747517347335815,tulips,0.49507802724838257,0.08760285377502441
data/flower_photos/roses/10090824183_d02c613f10_m.jpg,6e42dd14083dcddd8d5db6d9893cca3ca3df9a95bd070d111ac3e2a87322ec90,color_cast__light__hsv_correction,roses,color_cast,light,hsv_correction,confidence_increased_still_wrong,sunflowers,0.4803941547870636,sunflowers,0.46583792567253113,tulips,0.5174946784973145,0.051656752824783325
data/flower_photos/roses/10894627425_ec76bbc757_n.jpg,25d5b018c0e6d5b9e86bbfac035c20dc9a17ed32d856fd16d376d92c213bf2f8,color_cast__light__hsv_correction,roses,color_cast,light,hsv_correction,always_wrong,dandelion,0.3331272006034851,dandelion,0.32084882259368896,dandelion,0.3187844753265381,-0.002064347267150879
data/flower_photos/sunflowers/10386702973_e74a34c806_n.jpg,8fe6056c2366fe078569c42e750b841d9f49f867b3c3aef6b722306d72e30854,color_cast__light__hsv_correction,sunflowers,color_cast,light,hsv_correction,confidence_increased_still_wrong,tulips,0.3026597797870636,tulips,0.29452693462371826,tulips,0.30608999729156494,0.01156306266784668
data/flower_photos/tulips/10164073235_f29931d91e.jpg,b8b2e5b1105af49e200e73695ec4b57b48fe5846a4f9e353d5ba7386d0acc512,color_cast__light__hsv_correction,tulips,color_cast,light,hsv_correction,always_wrong,daisy,0.29853054881095886,daisy,0.310661256313324,daisy,0.25580763816833496,-0.054853618144989014
data/flower_photos/tulips/110147301_ad921e2828.jpg,3bd20b288dd03e4392cf90f1ec82cdb4448315ccc14183accd2abe695f5d04f7,color_cast__light__hsv_correction,tulips,color_cast,light,hsv_correction,confidence_increased_still_wrong,sunflowers,0.37812116742134094,sunflowers,0.4504531919956207,sunflowers,0.46655547618865967,0.01610228419303894
data/flower_photos/daisy/10172379554_b296050f82_n.jpg,9d28fe37d384974429e51febd82380e2ae17aed72dd59fb3ff938fa519bc4cc6,color_cast__light__lab_correction,daisy,color_cast,light,lab_correction,confidence_increased_still_wrong,tulips,0.4619367718696594,tulips,0.46860799193382263,tulips,0.4918758273124695,0.02326783537864685
data/flower_photos/daisy/102841525_bd6628ae3c.jpg,1adc5dbb8ba26a8d3d915ef8dc285241eb4d6e3e31cb2bbdcd04fc655f879c59,color_cast__light__lab_correction,daisy,color_cast,light,lab_correction,always_wrong,sunflowers,0.6287983655929565,sunflowers,0.6182167530059814,sunflowers,0.6017823815345764,-0.01643437147140503
data/flower_photos/dandelion/10683189_bd6e371b97.jpg,ba15d73ee9d036cc9df4a5e4b7dc9f7e350c481436f3be3ed980f8431abc3c22,color_cast__light__lab_correction,dandelion,color_cast,light,lab_correction,always_wrong,tulips,0.3903752863407135,tulips,0.40747517347335815,tulips,0.34887826442718506,-0.058596909046173096
data/flower_photos/roses/10090824183_d02c613f10_m.jpg,6e42dd14083dcddd8d5db6d9893cca3ca3df9a95bd070d111ac3e2a87322ec90,color_cast__light__lab_correction,roses,color_cast,light,lab_correction,confidence_increased_still_wrong,sunflowers,0.4803941547870636,sunflowers,0.46583792567253113,sunflowers,0.5059144496917725,0.04007652401924133
data/flower_photos/roses/10894627425_ec76bbc757_n.jpg,25d5b018c0e6d5b9e86bbfac035c20dc9a17ed32d856fd16d376d92c213bf2f8,color_cast__light__lab_correction,roses,color_cast,light,lab_correction,always_wrong,dandelion,0.3331272006034851,dandelion,0.32084882259368896,sunflowers,0.3175182640552521,-0.0033305585384368896
data/flower_photos/tulips/10164073235_f29931d91e.jpg,b8b2e5b1105af49e200e73695ec4b57b48fe5846a4f9e353d5ba7386d0acc512,color_cast__light__lab_correction,tulips,color_cast,light,lab_correction,always_wrong,daisy,0.29853054881095886,daisy,0.310661256313324,daisy,0.22351807355880737,-0.0871431827545166
data/flower_photos/tulips/110147301_ad921e2828.jpg,3bd20b288dd03e4392cf90f1ec82cdb4448315ccc14183accd2abe695f5d04f7,color_cast__light__lab_correction,tulips,color_cast,light,lab_correction,confidence_increased_still_wrong,sunflowers,0.37812116742134094,sunflowers,0.4504531919956207,sunflowers,0.4587438702583313,0.008290678262710571
data/flower_photos/daisy/10172379554_b296050f82_n.jpg,9d28fe37d384974429e51febd82380e2ae17aed72dd59fb3ff938fa519bc4cc6,color_cast__light__rgb_balance,daisy,color_cast,light,rgb_balance,confidence_increased_still_wrong,tulips,0.4619367718696594,tulips,0.46860799193382263,tulips,0.47008606791496277,0.0014780759811401367
data/flower_photos/daisy/102841525_bd6628ae3c.jpg,1adc5dbb8ba26a8d3d915ef8dc285241eb4d6e3e31cb2bbdcd04fc655f879c59,color_cast__light__rgb_balance,daisy,color_cast,light,rgb_balance,always_wrong,sunflowers,0.6287983655929565,sunflowers,0.6182167530059814,sunflowers,0.5722225308418274,-0.04599422216415405
data/flower_photos/dandelion/10683189_bd6e371b97.jpg,ba15d73ee9d036cc9df4a5e4b7dc9f7e350c481436f3be3ed980f8431abc3c22,color_cast__light__rgb_balance,dandelion,color_cast,light,rgb_balance,always_wrong,tulips,0.3903752863407135,tulips,0.40747517347335815,tulips,0.3249621093273163,-0.08251306414604187
data/flower_photos/roses/10090824183_d02c613f10_m.jpg,6e42dd14083dcddd8d5db6d9893cca3ca3df9a95bd070d111ac3e2a87322ec90,color_cast__light__rgb_balance,roses,color_cast,light,rgb_balance,confidence_increased_still_wrong,sunflowers,0.4803941547870636,sunflowers,0.46583792567253113,sunflowers,0.5031344890594482,0.037296563386917114
data/flower_photos/roses/10894627425_ec76bbc757_n.jpg,25d5b018c0e6d5b9e86bbfac035c20dc9a17ed32d856fd16d376d92c213bf2f8,color_cast__light__rgb_balance,roses,color_cast,light,rgb_balance,always_wrong,dandelion,0.3331272006034851,dandelion,0.32084882259368896,dandelion,0.2964451014995575,-0.02440372109413147
data/flower_photos/sunflowers/10386702973_e74a34c806_n.jpg,8fe6056c2366fe078569c42e750b841d9f49f867b3c3aef6b722306d72e30854,color_cast__light__rgb_balance,sunflowers,color_cast,light,rgb_balance,confidence_increased_still_wrong,tulips,0.3026597797870636,tulips,0.29452693462371826,tulips,0.3026531934738159,0.008126258850097656
data/flower_photos/tulips/10164073235_f29931d91e.jpg,b8b2e5b1105af49e200e73695ec4b57b48fe5846a4f9e353d5ba7386d0acc512,color_cast__light__rgb_balance,tulips,color_cast,light,rgb_balance,always_wrong,daisy,0.29853054881095886,daisy,0.310661256313324,daisy,0.2519294023513794,-0.05873185396194458
data/flower_photos/daisy/10172379554_b296050f82_n.jpg,9d28fe37d384974429e51febd82380e2ae17aed72dd59fb3ff938fa519bc4cc6,color_cast__medium__hsv_correction,daisy,color_cast,medium,hsv_correction,confidence_increased_still_wrong,tulips,0.4619367718696594,tulips,0.3706585168838501,sunflowers,0.4092976152896881,0.03863909840583801
data/flower_photos/daisy/102841525_bd6628ae3c.jpg,1adc5dbb8ba26a8d3d915ef8dc285241eb4d6e3e31cb2bbdcd04fc655f879c59,color_cast__medium__hsv_correction,daisy,color_cast,medium,hsv_correction,confidence_increased_still_wrong,sunflowers,0.6287983655929565,sunflowers,0.6440367698669434,sunflowers,0.7326294779777527,0.08859270811080933
data/flower_photos/dandelion/10683189_bd6e371b97.jpg,ba15d73ee9d036cc9df4a5e4b7dc9f7e350c481436f3be3ed980f8431abc3c22,color_cast__medium__hsv_correction,dandelion,color_cast,medium,hsv_correction,confidence_increased_still_wrong,tulips,0.3903752863407135,tulips,0.4143674969673157,tulips,0.4770452082157135,0.06267771124839783
data/flower_photos/roses/10090824183_d02c613f10_m.jpg,6e42dd14083dcddd8d5db6d9893cca3ca3df9a95bd070d111ac3e2a87322ec90,color_cast__medium__hsv_correction,roses,color_cast,medium,hsv_correction,confidence_increased_still_wrong,sunflowers,0.4803941547870636,tulips,0.4521474242210388,tulips,0.5551753640174866,0.10302793979644775
data/flower_photos/roses/10894627425_ec76bbc757_n.jpg,25d5b018c0e6d5b9e86bbfac035c20dc9a17ed32d856fd16d376d92c213bf2f8,color_cast__medium__hsv_correction,roses,color_cast,medium,hsv_correction,always_wrong,dandelion,0.3331272006034851,dandelion,0.31699874997138977,dandelion,0.3159089982509613,-0.0010897517204284668
data/flower_photos/tulips/10164073235_f29931d91e.jpg,b8b2e5b1105af49e200e73695ec4b57b48fe5846a4f9e353d5ba7386d0acc512,color_cast__medium__hsv_correction,tulips,color_cast,medium,hsv_correction,always_wrong,daisy,0.29853054881095886,daisy,0.31376928091049194,daisy,0.2616945803165436,-0.052074700593948364
data/flower_photos/tulips/110147301_ad921e2828.jpg,3bd20b288dd03e4392cf90f1ec82cdb4448315ccc14183accd2abe695f5d04f7,color_cast__medium__hsv_correction,tulips,color_cast,medium,hsv_correction,always_wrong,sunflowers,0.37812116742134094,sunflowers,0.5272056460380554,sunflowers,0.4619136154651642,-0.06529203057289124
data/flower_photos/daisy/10172379554_b296050f82_n.jpg,9d28fe37d384974429e51febd82380e2ae17aed72dd59fb3ff938fa519bc4cc6,color_cast__medium__lab_correction,daisy,color_cast,medium,lab_correction,confidence_increased_still_wrong,tulips,0.4619367718696594,tulips,0.3706585168838501,tulips,0.4112967252731323,0.04063820838928223
data/flower_photos/daisy/102841525_bd6628ae3c.jpg,1adc5dbb8ba26a8d3d915ef8dc285241eb4d6e3e31cb2bbdcd04fc655f879c59,color_cast__medium__lab_correction,daisy,color_cast,medium,lab_correction,always_wrong,sunflowers,0.6287983655929565,sunflowers,0.6440367698669434,sunflowers,0.6265783309936523,-0.017458438873291016
data/flower_photos/dandelion/10683189_bd6e371b97.jpg,ba15d73ee9d036cc9df4a5e4b7dc9f7e350c481436f3be3ed980f8431abc3c22,color_cast__medium__lab_correction,dandelion,color_cast,medium,lab_correction,always_wrong,tulips,0.3903752863407135,tulips,0.4143674969673157,tulips,0.33135896921157837,-0.0830085277557373
data/flower_photos/roses/10090824183_d02c613f10_m.jpg,6e42dd14083dcddd8d5db6d9893cca3ca3df9a95bd070d111ac3e2a87322ec90,color_cast__medium__lab_correction,roses,color_cast,medium,lab_correction,confidence_increased_still_wrong,sunflowers,0.4803941547870636,tulips,0.4521474242210388,sunflowers,0.46386823058128357,0.011720806360244751
data/flower_photos/roses/10894627425_ec76bbc757_n.jpg,25d5b018c0e6d5b9e86bbfac035c20dc9a17ed32d856fd16d376d92c213bf2f8,color_cast__medium__lab_correction,roses,color_cast,medium,lab_correction,confidence_increased_still_wrong,dandelion,0.3331272006034851,dandelion,0.31699874997138977,sunflowers,0.32077983021736145,0.0037810802459716797
data/flower_photos/tulips/110147301_ad921e2828.jpg,3bd20b288dd03e4392cf90f1ec82cdb4448315ccc14183accd2abe695f5d04f7,color_cast__medium__lab_correction,tulips,color_cast,medium,lab_correction,confidence_increased_still_wrong,sunflowers,0.37812116742134094,sunflowers,0.5272056460380554,sunflowers,0.5432205200195312,0.01601487398147583
data/flower_photos/daisy/10172379554_b296050f82_n.jpg,9d28fe37d384974429e51febd82380e2ae17aed72dd59fb3ff938fa519bc4cc6,color_cast__medium__rgb_balance,daisy,color_cast,medium,rgb_balance,confidence_increased_still_wrong,tulips,0.4619367718696594,tulips,0.3706585168838501,tulips,0.46062925457954407,0.08997073769569397
data/flower_photos/daisy/102841525_bd6628ae3c.jpg,1adc5dbb8ba26a8d3d915ef8dc285241eb4d6e3e31cb2bbdcd04fc655f879c59,color_cast__medium__rgb_balance,daisy,color_cast,medium,rgb_balance,always_wrong,sunflowers,0.6287983655929565,sunflowers,0.6440367698669434,sunflowers,0.5659966468811035,-0.07804012298583984
data/flower_photos/dandelion/10683189_bd6e371b97.jpg,ba15d73ee9d036cc9df4a5e4b7dc9f7e350c481436f3be3ed980f8431abc3c22,color_cast__medium__rgb_balance,dandelion,color_cast,medium,rgb_balance,always_wrong,tulips,0.3903752863407135,tulips,0.4143674969673157,tulips,0.324327677488327,-0.09003981947898865
data/flower_photos/roses/10090824183_d02c613f10_m.jpg,6e42dd14083dcddd8d5db6d9893cca3ca3df9a95bd070d111ac3e2a87322ec90,color_cast__medium__rgb_balance,roses,color_cast,medium,rgb_balance,confidence_increased_still_wrong,sunflowers,0.4803941547870636,tulips,0.4521474242210388,sunflowers,0.5059283971786499,0.053780972957611084
data/flower_photos/roses/10894627425_ec76bbc757_n.jpg,25d5b018c0e6d5b9e86bbfac035c20dc9a17ed32d856fd16d376d92c213bf2f8,color_cast__medium__rgb_balance,roses,color_cast,medium,rgb_balance,always_wrong,dandelion,0.3331272006034851,dandelion,0.31699874997138977,dandelion,0.2849407196044922,-0.03205803036689758
data/flower_photos/sunflowers/10386702973_e74a34c806_n.jpg,8fe6056c2366fe078569c42e750b841d9f49f867b3c3aef6b722306d72e30854,color_cast__medium__rgb_balance,sunflowers,color_cast,medium,rgb_balance,harmed_by_enhancement,tulips,0.3026597797870636,sunflowers,0.29868757724761963,tulips,0.3039530813694,0.0052655041217803955
data/flower_photos/tulips/10164073235_f29931d91e.jpg,b8b2e5b1105af49e200e73695ec4b57b48fe5846a4f9e353d5ba7386d0acc512,color_cast__medium__rgb_balance,tulips,color_cast,medium,rgb_balance,always_wrong,daisy,0.29853054881095886,daisy,0.31376928091049194,dandelion,0.2471432089805603,-0.06662607192993164
data/flower_photos/daisy/10172379554_b296050f82_n.jpg,9d28fe37d384974429e51febd82380e2ae17aed72dd59fb3ff938fa519bc4cc6,color_cast__strong__hsv_correction,daisy,color_cast,strong,hsv_correction,confidence_increased_still_wrong,tulips,0.4619367718696594,tulips,0.2738942801952362,sunflowers,0.4095991551876068,0.1357048749923706
data/flower_photos/daisy/102841525_bd6628ae3c.jpg,1adc5dbb8ba26a8d3d915ef8dc285241eb4d6e3e31cb2bbdcd04fc655f879c59,color_cast__strong__hsv_correction,daisy,color_cast,strong,hsv_correction,confidence_increased_still_wrong,sunflowers,0.6287983655929565,sunflowers,0.6565116047859192,sunflowers,0.7765440940856934,0.12003248929977417
data/flower_photos/dandelion/10437652486_aa86c14985.jpg,94273f2a4deee3a4712be2e50b76c5c872d45c6d2a703ff1e7892d35964d4162,color_cast__strong__hsv_correction,dandelion,color_cast,strong,hsv_correction,clean_correct_degraded_wrong,dandelion,0.5186096429824829,sunflowers,0.3684920072555542,tulips,0.3011074960231781,-0.0673845112323761
data/flower_photos/dandelion/10683189_bd6e371b97.jpg,ba15d73ee9d036cc9df4a5e4b7dc9f7e350c481436f3be3ed980f8431abc3c22,color_cast__strong__hsv_correction,dandelion,color_cast,strong,hsv_correction,always_wrong,tulips,0.3903752863407135,tulips,0.42351600527763367,tulips,0.39029744267463684,-0.033218562602996826
data/flower_photos/roses/10090824183_d02c613f10_m.jpg,6e42dd14083dcddd8d5db6d9893cca3ca3df9a95bd070d111ac3e2a87322ec90,color_cast__strong__hsv_correction,roses,color_cast,strong,hsv_correction,confidence_increased_still_wrong,sunflowers,0.4803941547870636,sunflowers,0.463948130607605,tulips,0.46737295389175415,0.00342482328414917
data/flower_photos/roses/10894627425_ec76bbc757_n.jpg,25d5b018c0e6d5b9e86bbfac035c20dc9a17ed32d856fd16d376d92c213bf2f8,color_cast__strong__hsv_correction,roses,color_cast,strong,hsv_correction,confidence_increased_still_wrong,dandelion,0.3331272006034851,dandelion,0.3450218737125397,dandelion,0.36013063788414,0.015108764171600342
data/flower_photos/sunflowers/10386702973_e74a34c806_n.jpg,8fe6056c2366fe078569c42e750b841d9f49f867b3c3aef6b722306d72e30854,color_cast__strong__hsv_correction,sunflowers,color_cast,strong,hsv_correction,harmed_by_enhancement,tulips,0.3026597797870636,sunflowers,0.2865661084651947,tulips,0.28129616379737854,-0.005269944667816162
data/flower_photos/tulips/110147301_ad921e2828.jpg,3bd20b288dd03e4392cf90f1ec82cdb4448315ccc14183accd2abe695f5d04f7,color_cast__strong__hsv_correction,tulips,color_cast,strong,hsv_correction,always_wrong,sunflowers,0.37812116742134094,sunflowers,0.5340917110443115,sunflowers,0.5066558122634888,-0.027435898780822754
data/flower_photos/daisy/10172379554_b296050f82_n.jpg,9d28fe37d384974429e51febd82380e2ae17aed72dd59fb3ff938fa519bc4cc6,color_cast__strong__lab_correction,daisy,color_cast,strong,lab_correction,confidence_increased_still_wrong,tulips,0.4619367718696594,tulips,0.2738942801952362,sunflowers,0.3410698175430298,0.06717553734779358
data/flower_photos/daisy/102841525_bd6628ae3c.jpg,1adc5dbb8ba26a8d3d915ef8dc285241eb4d6e3e31cb2bbdcd04fc655f879c59,color_cast__strong__lab_correction,daisy,color_cast,strong,lab_correction,always_wrong,sunflowers,0.6287983655929565,sunflowers,0.6565116047859192,sunflowers,0.6315182447433472,-0.02499336004257202
data/flower_photos/dandelion/10437652486_aa86c14985.jpg,94273f2a4deee3a4712be2e50b76c5c872d45c6d2a703ff1e7892d35964d4162,color_cast__strong__lab_correction,dandelion,color_cast,strong,lab_correction,recovered_by_enhancement,dandelion,0.5186096429824829,sunflowers,0.3684920072555542,dandelion,0.36680305004119873,-0.0016889572143554688
data/flower_photos/dandelion/10683189_bd6e371b97.jpg,ba15d73ee9d036cc9df4a5e4b7dc9f7e350c481436f3be3ed980f8431abc3c22,color_cast__strong__lab_correction,dandelion,color_cast,strong,lab_correction,always_wrong,tulips,0.3903752863407135,tulips,0.42351600527763367,tulips,0.26535558700561523,-0.15816041827201843
data/flower_photos/roses/10090824183_d02c613f10_m.jpg,6e42dd14083dcddd8d5db6d9893cca3ca3df9a95bd070d111ac3e2a87322ec90,color_cast__strong__lab_correction,roses,color_cast,strong,lab_correction,always_wrong,sunflowers,0.4803941547870636,sunflowers,0.463948130607605,sunflowers,0.4362770617008209,-0.027671068906784058
data/flower_photos/roses/10894627425_ec76bbc757_n.jpg,25d5b018c0e6d5b9e86bbfac035c20dc9a17ed32d856fd16d376d92c213bf2f8,color_cast__strong__lab_correction,roses,color_cast,strong,lab_correction,always_wrong,dandelion,0.3331272006034851,dandelion,0.3450218737125397,sunflowers,0.3214297890663147,-0.023592084646224976
data/flower_photos/tulips/110147301_ad921e2828.jpg,3bd20b288dd03e4392cf90f1ec82cdb4448315ccc14183accd2abe695f5d04f7,color_cast__strong__lab_correction,tulips,color_cast,strong,lab_correction,confidence_increased_still_wrong,sunflowers,0.37812116742134094,sunflowers,0.5340917110443115,sunflowers,0.5718570947647095,0.03776538372039795
data/flower_photos/daisy/10172379554_b296050f82_n.jpg,9d28fe37d384974429e51febd82380e2ae17aed72dd59fb3ff938fa519bc4cc6,color_cast__strong__rgb_balance,daisy,color_cast,strong,rgb_balance,confidence_increased_still_wrong,tulips,0.4619367718696594,tulips,0.2738942801952362,tulips,0.38611048460006714,0.11221620440483093
data/flower_photos/daisy/102841525_bd6628ae3c.jpg,1adc5dbb8ba26a8d3d915ef8dc285241eb4d6e3e31cb2bbdcd04fc655f879c59,color_cast__strong__rgb_balance,daisy,color_cast,strong,rgb_balance,always_wrong,sunflowers,0.6287983655929565,sunflowers,0.6565116047859192,sunflowers,0.5546994805335999,-0.10181212425231934
data/flower_photos/dandelion/10437652486_aa86c14985.jpg,94273f2a4deee3a4712be2e50b76c5c872d45c6d2a703ff1e7892d35964d4162,color_cast__strong__rgb_balance,dandelion,color_cast,strong,rgb_balance,recovered_by_enhancement,dandelion,0.5186096429824829,sunflowers,0.3684920072555542,dandelion,0.42444634437561035,0.05595433712005615
data/flower_photos/dandelion/10683189_bd6e371b97.jpg,ba15d73ee9d036cc9df4a5e4b7dc9f7e350c481436f3be3ed980f8431abc3c22,color_cast__strong__rgb_balance,dandelion,color_cast,strong,rgb_balance,always_wrong,tulips,0.3903752863407135,tulips,0.42351600527763367,tulips,0.33312785625457764,-0.09038814902305603
data/flower_photos/roses/10090824183_d02c613f10_m.jpg,6e42dd14083dcddd8d5db6d9893cca3ca3df9a95bd070d111ac3e2a87322ec90,color_cast__strong__rgb_balance,roses,color_cast,strong,rgb_balance,confidence_increased_still_wrong,sunflowers,0.4803941547870636,sunflowers,0.463948130607605,sunflowers,0.5392980575561523,0.07534992694854736
data/flower_photos/roses/10894627425_ec76bbc757_n.jpg,25d5b018c0e6d5b9e86bbfac035c20dc9a17ed32d856fd16d376d92c213bf2f8,color_cast__strong__rgb_balance,roses,color_cast,strong,rgb_balance,always_wrong,dandelion,0.3331272006034851,dandelion,0.3450218737125397,dandelion,0.2996532618999481,-0.04536861181259155
data/flower_photos/sunflowers/10386702973_e74a34c806_n.jpg,8fe6056c2366fe078569c42e750b841d9f49f867b3c3aef6b722306d72e30854,color_cast__strong__rgb_balance,sunflowers,color_cast,strong,rgb_balance,harmed_by_enhancement,tulips,0.3026597797870636,sunflowers,0.2865661084651947,tulips,0.3045165538787842,0.017950445413589478
data/flower_photos/tulips/10164073235_f29931d91e.jpg,b8b2e5b1105af49e200e73695ec4b57b48fe5846a4f9e353d5ba7386d0acc512,color_cast__strong__rgb_balance,tulips,color_cast,strong,rgb_balance,always_wrong,daisy,0.29853054881095886,daisy,0.29128336906433105,dandelion,0.25745275616645813,-0.033830612897872925
data/flower_photos/daisy/10172379554_b296050f82_n.jpg,9d28fe37d384974429e51febd82380e2ae17aed72dd59fb3ff938fa519bc4cc6,gaussian_blur__light__sharpening,daisy,gaussian_blur,light,sharpening,always_wrong,tulips,0.4619367718696594,tulips,0.69820237159729,tulips,0.6077096462249756,-0.09049272537231445
data/flower_photos/daisy/102841525_bd6628ae3c.jpg,1adc5dbb8ba26a8d3d915ef8dc285241eb4d6e3e31cb2bbdcd04fc655f879c59,gaussian_blur__light__sharpening,daisy,gaussian_blur,light,sharpening,confidence_increased_still_wrong,sunflowers,0.6287983655929565,sunflowers,0.49717965722084045,sunflowers,0.5001463294029236,0.00296667218208313
data/flower_photos/dandelion/10683189_bd6e371b97.jpg,ba15d73ee9d036cc9df4a5e4b7dc9f7e350c481436f3be3ed980f8431abc3c22,gaussian_blur__light__sharpening,dandelion,gaussian_blur,light,sharpening,always_wrong,tulips,0.3903752863407135,tulips,0.4102868437767029,tulips,0.374546617269516,-0.03574022650718689
data/flower_photos/roses/10090824183_d02c613f10_m.jpg,6e42dd14083dcddd8d5db6d9893cca3ca3df9a95bd070d111ac3e2a87322ec90,gaussian_blur__light__sharpening,roses,gaussian_blur,light,sharpening,confidence_increased_still_wrong,sunflowers,0.4803941547870636,sunflowers,0.4652406871318817,tulips,0.4836445152759552,0.018403828144073486
data/flower_photos/roses/10894627425_ec76bbc757_n.jpg,25d5b018c0e6d5b9e86bbfac035c20dc9a17ed32d856fd16d376d92c213bf2f8,gaussian_blur__light__sharpening,roses,gaussian_blur,light,sharpening,always_wrong,dandelion,0.3331272006034851,dandelion,0.4395853579044342,dandelion,0.41234296560287476,-0.027242392301559448
data/flower_photos/sunflowers/10386702973_e74a34c806_n.jpg,8fe6056c2366fe078569c42e750b841d9f49f867b3c3aef6b722306d72e30854,gaussian_blur__light__sharpening,sunflowers,gaussian_blur,light,sharpening,confidence_increased_still_wrong,tulips,0.3026597797870636,tulips,0.3458077609539032,tulips,0.3709365427494049,0.02512878179550171
data/flower_photos/tulips/110147301_ad921e2828.jpg,3bd20b288dd03e4392cf90f1ec82cdb4448315ccc14183accd2abe695f5d04f7,gaussian_blur__light__sharpening,tulips,gaussian_blur,light,sharpening,confidence_increased_still_wrong,sunflowers,0.37812116742134094,daisy,0.27186349034309387,sunflowers,0.275397926568985,0.0035344362258911133
data/flower_photos/daisy/10172379554_b296050f82_n.jpg,9d28fe37d384974429e51febd82380e2ae17aed72dd59fb3ff938fa519bc4cc6,gaussian_blur__light__unsharp_mask,daisy,gaussian_blur,light,unsharp_mask,always_wrong,tulips,0.4619367718696594,tulips,0.69820237159729,tulips,0.5756658315658569,-0.1225365400314331
data/flower_photos/daisy/102841525_bd6628ae3c.jpg,1adc5dbb8ba26a8d3d915ef8dc285241eb4d6e3e31cb2bbdcd04fc655f879c59,gaussian_blur__light__unsharp_mask,daisy,gaussian_blur,light,unsharp_mask,confidence_increased_still_wrong,sunflowers,0.6287983655929565,sunflowers,0.49717965722084045,sunflowers,0.5277870893478394,0.0306074321269989
data/flower_photos/dandelion/10683189_bd6e371b97.jpg,ba15d73ee9d036cc9df4a5e4b7dc9f7e350c481436f3be3ed980f8431abc3c22,gaussian_blur__light__unsharp_mask,dandelion,gaussian_blur,light,unsharp_mask,always_wrong,tulips,0.3903752863407135,tulips,0.4102868437767029,daisy,0.3761281669139862,-0.034158676862716675
data/flower_photos/roses/10090824183_d02c613f10_m.jpg,6e42dd14083dcddd8d5db6d9893cca3ca3df9a95bd070d111ac3e2a87322ec90,gaussian_blur__light__unsharp_mask,roses,gaussian_blur,light,unsharp_mask,confidence_increased_still_wrong,sunflowers,0.4803941547870636,sunflowers,0.4652406871318817,tulips,0.5915220379829407,0.12628135085105896
data/flower_photos/roses/10894627425_ec76bbc757_n.jpg,25d5b018c0e6d5b9e86bbfac035c20dc9a17ed32d856fd16d376d92c213bf2f8,gaussian_blur__light__unsharp_mask,roses,gaussian_blur,light,unsharp_mask,confidence_increased_still_wrong,dandelion,0.3331272006034851,dandelion,0.4395853579044342,tulips,0.4925580322742462,0.05297267436981201
data/flower_photos/sunflowers/10386702973_e74a34c806_n.jpg,8fe6056c2366fe078569c42e750b841d9f49f867b3c3aef6b722306d72e30854,gaussian_blur__light__unsharp_mask,sunflowers,gaussian_blur,light,unsharp_mask,confidence_increased_still_wrong,tulips,0.3026597797870636,tulips,0.3458077609539032,tulips,0.3805925250053406,0.03478476405143738
data/flower_photos/daisy/10172379554_b296050f82_n.jpg,9d28fe37d384974429e51febd82380e2ae17aed72dd59fb3ff938fa519bc4cc6,gaussian_blur__medium__sharpening,daisy,gaussian_blur,medium,sharpening,always_wrong,tulips,0.4619367718696594,tulips,0.7542935609817505,tulips,0.7479493618011475,-0.006344199180603027
data/flower_photos/daisy/102841525_bd6628ae3c.jpg,1adc5dbb8ba26a8d3d915ef8dc285241eb4d6e3e31cb2bbdcd04fc655f879c59,gaussian_blur__medium__sharpening,daisy,gaussian_blur,medium,sharpening,confidence_increased_still_wrong,sunflowers,0.6287983655929565,sunflowers,0.45115914940834045,sunflowers,0.4560575783252716,0.004898428916931152
data/flower_photos/dandelion/10683189_bd6e371b97.jpg,ba15d73ee9d036cc9df4a5e4b7dc9f7e350c481436f3be3ed980f8431abc3c22,gaussian_blur__medium__sharpening,dandelion,gaussian_blur,medium,sharpening,harmed_by_enhancement,tulips,0.3903752863407135,dandelion,0.34105515480041504,tulips,0.28448307514190674,-0.0565720796585083
data/flower_photos/roses/10090824183_d02c613f10_m.jpg,6e42dd14083dcddd8d5db6d9893cca3ca3df9a95bd070d111ac3e2a87322ec90,gaussian_blur__medium__sharpening,roses,gaussian_blur,medium,sharpening,always_wrong,sunflowers,0.4803941547870636,sunflowers,0.4449642300605774,sunflowers,0.39830732345581055,-0.046656906604766846
data/flower_photos/roses/10894627425_ec76bbc757_n.jpg,25d5b018c0e6d5b9e86bbfac035c20dc9a17ed32d856fd16d376d92c213bf2f8,gaussian_blur__medium__sharpening,roses,gaussian_blur,medium,sharpening,confidence_increased_still_wrong,dandelion,0.3331272006034851,tulips,0.3563598692417145,dandelion,0.3864366412162781,0.0300767719745636
data/flower_photos/tulips/110147301_ad921e2828.jpg,3bd20b288dd03e4392cf90f1ec82cdb4448315ccc14183accd2abe695f5d04f7,gaussian_blur__medium__sharpening,tulips,gaussian_blur,medium,sharpening,confidence_increased_still_wrong,sunflowers,0.37812116742134094,dandelion,0.2795022428035736,dandelion,0.31833088397979736,0.038828641176223755
data/flower_photos/daisy/10172379554_b296050f82_n.jpg,9d28fe37d384974429e51febd82380e2ae17aed72dd59fb3ff938fa519bc4cc6,gaussian_blur__medium__unsharp_mask,daisy,gaussian_blur,medium,unsharp_mask,always_wrong,tulips,0.4619367718696594,tulips,0.7542935609817505,tulips,0.7441582083702087,-0.010135352611541748
data/flower_photos/daisy/102841525_bd6628ae3c.jpg,1adc5dbb8ba26a8d3d915ef8dc285241eb4d6e3e31cb2bbdcd04fc655f879c59,gaussian_blur__medium__unsharp_mask,daisy,gaussian_blur,medium,unsharp_mask,confidence_increased_still_wrong,sunflowers,0.6287983655929565,sunflowers,0.45115914940834045,sunflowers,0.4583844244480133,0.0072252750396728516
data/flower_photos/roses/10090824183_d02c613f10_m.jpg,6e42dd14083dcddd8d5db6d9893cca3ca3df9a95bd070d111ac3e2a87322ec90,gaussian_blur__medium__unsharp_mask,roses,gaussian_blur,medium,unsharp_mask,always_wrong,sunflowers,0.4803941547870636,sunflowers,0.4449642300605774,sunflowers,0.4180625081062317,-0.026901721954345703
data/flower_photos/roses/10894627425_ec76bbc757_n.jpg,25d5b018c0e6d5b9e86bbfac035c20dc9a17ed32d856fd16d376d92c213bf2f8,gaussian_blur__medium__unsharp_mask,roses,gaussian_blur,medium,unsharp_mask,confidence_increased_still_wrong,dandelion,0.3331272006034851,tulips,0.3563598692417145,dandelion,0.37235015630722046,0.01599028706550598
data/flower_photos/tulips/110147301_ad921e2828.jpg,3bd20b288dd03e4392cf90f1ec82cdb4448315ccc14183accd2abe695f5d04f7,gaussian_blur__medium__unsharp_mask,tulips,gaussian_blur,medium,unsharp_mask,confidence_increased_still_wrong,sunflowers,0.37812116742134094,dandelion,0.2795022428035736,dandelion,0.32273393869400024,0.043231695890426636
data/flower_photos/daisy/10172379554_b296050f82_n.jpg,9d28fe37d384974429e51febd82380e2ae17aed72dd59fb3ff938fa519bc4cc6,gaussian_blur__strong__sharpening,daisy,gaussian_blur,strong,sharpening,always_wrong,tulips,0.4619367718696594,tulips,0.6708803176879883,tulips,0.4625930190086365,-0.2082872986793518
data/flower_photos/daisy/102841525_bd6628ae3c.jpg,1adc5dbb8ba26a8d3d915ef8dc285241eb4d6e3e31cb2bbdcd04fc655f879c59,gaussian_blur__strong__sharpening,daisy,gaussian_blur,strong,sharpening,confidence_increased_still_wrong,sunflowers,0.6287983655929565,tulips,0.3763260543346405,sunflowers,0.382241427898407,0.0059153735637664795
data/flower_photos/dandelion/10437652486_aa86c14985.jpg,94273f2a4deee3a4712be2e50b76c5c872d45c6d2a703ff1e7892d35964d4162,gaussian_blur__strong__sharpening,dandelion,gaussian_blur,strong,sharpening,recovered_by_enhancement,dandelion,0.5186096429824829,daisy,0.4700000584125519,dandelion,0.4268606901168823,-0.043139368295669556
data/flower_photos/roses/10090824183_d02c613f10_m.jpg,6e42dd14083dcddd8d5db6d9893cca3ca3df9a95bd070d111ac3e2a87322ec90,gaussian_blur__strong__sharpening,roses,gaussian_blur,strong,sharpening,always_wrong,sunflowers,0.4803941547870636,sunflowers,0.5429156422615051,sunflowers,0.4834003746509552,-0.05951526761054993
data/flower_photos/roses/10894627425_ec76bbc757_n.jpg,25d5b018c0e6d5b9e86bbfac035c20dc9a17ed32d856fd16d376d92c213bf2f8,gaussian_blur__strong__sharpening,roses,gaussian_blur,strong,sharpening,confidence_increased_still_wrong,dandelion,0.3331272006034851,daisy,0.4044284522533417,daisy,0.4492964744567871,0.044868022203445435
data/flower_photos/sunflowers/10386702973_e74a34c806_n.jpg,8fe6056c2366fe078569c42e750b841d9f49f867b3c3aef6b722306d72e30854,gaussian_blur__strong__sharpening,sunflowers,gaussian_blur,strong,sharpening,always_wrong,tulips,0.3026597797870636,dandelion,0.5132665038108826,dandelion,0.41838231682777405,-0.09488418698310852
data/flower_photos/tulips/10164073235_f29931d91e.jpg,b8b2e5b1105af49e200e73695ec4b57b48fe5846a4f9e353d5ba7386d0acc512,gaussian_blur__strong__sharpening,tulips,gaussian_blur,strong,sharpening,harmed_by_enhancement,daisy,0.29853054881095886,tulips,0.3746308386325836,daisy,0.27035847306251526,-0.10427236557006836
data/flower_photos/tulips/110147301_ad921e2828.jpg,3bd20b288dd03e4392cf90f1ec82cdb4448315ccc14183accd2abe695f5d04f7,gaussian_blur__strong__sharpening,tulips,gaussian_blur,strong,sharpening,always_wrong,sunflowers,0.37812116742134094,daisy,0.2945815622806549,daisy,0.25021108984947205,-0.04437047243118286
data/flower_photos/daisy/10172379554_b296050f82_n.jpg,9d28fe37d384974429e51febd82380e2ae17aed72dd59fb3ff938fa519bc4cc6,gaussian_blur__strong__unsharp_mask,daisy,gaussian_blur,strong,unsharp_mask,always_wrong,tulips,0.4619367718696594,tulips,0.6708803176879883,tulips,0.4321804642677307,-0.23869985342025757
data/flower_photos/daisy/102841525_bd6628ae3c.jpg,1adc5dbb8ba26a8d3d915ef8dc285241eb4d6e3e31cb2bbdcd04fc655f879c59,gaussian_blur__strong__unsharp_mask,daisy,gaussian_blur,strong,unsharp_mask,always_wrong,sunflowers,0.6287983655929565,tulips,0.3763260543346405,tulips,0.32848966121673584,-0.04783639311790466
data/flower_photos/dandelion/10437652486_aa86c14985.jpg,94273f2a4deee3a4712be2e50b76c5c872d45c6d2a703ff1e7892d35964d4162,gaussian_blur__strong__unsharp_mask,dandelion,gaussian_blur,strong,unsharp_mask,clean_correct_degraded_wrong,dandelion,0.5186096429824829,daisy,0.4700000584125519,daisy,0.4916467070579529,0.021646648645401
data/flower_photos/dandelion/10683189_bd6e371b97.jpg,ba15d73ee9d036cc9df4a5e4b7dc9f7e350c481436f3be3ed980f8431abc3c22,gaussian_blur__strong__unsharp_mask,dandelion,gaussian_blur,strong,unsharp_mask,harmed_by_enhancement,tulips,0.3903752863407135,dandelion,0.375430166721344,sunflowers,0.2707619071006775,-0.1046682596206665
data/flower_photos/roses/10090824183_d02c613f10_m.jpg,6e42dd14083dcddd8d5db6d9893cca3ca3df9a95bd070d111ac3e2a87322ec90,gaussian_blur__strong__unsharp_mask,roses,gaussian_blur,strong,unsharp_mask,always_wrong,sunflowers,0.4803941547870636,sunflowers,0.5429156422615051,sunflowers,0.38694584369659424,-0.1559697985649109
data/flower_photos/roses/10894627425_ec76bbc757_n.jpg,25d5b018c0e6d5b9e86bbfac035c20dc9a17ed32d856fd16d376d92c213bf2f8,gaussian_blur__strong__unsharp_mask,roses,gaussian_blur,strong,unsharp_mask,always_wrong,dandelion,0.3331272006034851,daisy,0.4044284522533417,daisy,0.3605605661869049,-0.04386788606643677
data/flower_photos/sunflowers/10386702973_e74a34c806_n.jpg,8fe6056c2366fe078569c42e750b841d9f49f867b3c3aef6b722306d72e30854,gaussian_blur__strong__unsharp_mask,sunflowers,gaussian_blur,strong,unsharp_mask,always_wrong,tulips,0.3026597797870636,dandelion,0.5132665038108826,daisy,0.335479736328125,-0.17778676748275757
data/flower_photos/tulips/10164073235_f29931d91e.jpg,b8b2e5b1105af49e200e73695ec4b57b48fe5846a4f9e353d5ba7386d0acc512,gaussian_blur__strong__unsharp_mask,tulips,gaussian_blur,strong,unsharp_mask,harmed_by_enhancement,daisy,0.29853054881095886,tulips,0.3746308386325836,dandelion,0.3040369153022766,-0.070593923330307
data/flower_photos/tulips/110147301_ad921e2828.jpg,3bd20b288dd03e4392cf90f1ec82cdb4448315ccc14183accd2abe695f5d04f7,gaussian_blur__strong__unsharp_mask,tulips,gaussian_blur,strong,unsharp_mask,always_wrong,sunflowers,0.37812116742134094,daisy,0.2945815622806549,daisy,0.24534361064434052,-0.04923795163631439
data/flower_photos/daisy/10172379554_b296050f82_n.jpg,9d28fe37d384974429e51febd82380e2ae17aed72dd59fb3ff938fa519bc4cc6,gaussian_noise__light__bilateral_filter,daisy,gaussian_noise,light,bilateral_filter,confidence_increased_still_wrong,tulips,0.4619367718696594,tulips,0.3789670169353485,tulips,0.4458463490009308,0.06687933206558228
data/flower_photos/daisy/102841525_bd6628ae3c.jpg,1adc5dbb8ba26a8d3d915ef8dc285241eb4d6e3e31cb2bbdcd04fc655f879c59,gaussian_noise__light__bilateral_filter,daisy,gaussian_noise,light,bilateral_filter,confidence_increased_still_wrong,sunflowers,0.6287983655929565,sunflowers,0.5011518001556396,sunflowers,0.6786864399909973,0.17753463983535767
data/flower_photos/dandelion/10683189_bd6e371b97.jpg,ba15d73ee9d036cc9df4a5e4b7dc9f7e350c481436f3be3ed980f8431abc3c22,gaussian_noise__light__bilateral_filter,dandelion,gaussian_noise,light,bilateral_filter,harmed_by_enhancement,tulips,0.3903752863407135,dandelion,0.3517136871814728,tulips,0.38439902663230896,0.03268533945083618
data/flower_photos/roses/10090824183_d02c613f10_m.jpg,6e42dd14083dcddd8d5db6d9893cca3ca3df9a95bd070d111ac3e2a87322ec90,gaussian_noise__light__bilateral_filter,roses,gaussian_noise,light,bilateral_filter,confidence_increased_still_wrong,sunflowers,0.4803941547870636,sunflowers,0.4888893663883209,sunflowers,0.5014955401420593,0.012606173753738403
data/flower_photos/roses/10894627425_ec76bbc757_n.jpg,25d5b018c0e6d5b9e86bbfac035c20dc9a17ed32d856fd16d376d92c213bf2f8,gaussian_noise__light__bilateral_filter,roses,gaussian_noise,light,bilateral_filter,always_wrong,dandelion,0.3331272006034851,dandelion,0.5095495581626892,dandelion,0.3404405117034912,-0.169109046459198
data/flower_photos/tulips/10164073235_f29931d91e.jpg,b8b2e5b1105af49e200e73695ec4b57b48fe5846a4f9e353d5ba7386d0acc512,gaussian_noise__light__bilateral_filter,tulips,gaussian_noise,light,bilateral_filter,confidence_increased_still_wrong,daisy,0.29853054881095886,roses,0.259328156709671,dandelion,0.3614083230495453,0.10208016633987427
data/flower_photos/tulips/110147301_ad921e2828.jpg,3bd20b288dd03e4392cf90f1ec82cdb4448315ccc14183accd2abe695f5d04f7,gaussian_noise__light__bilateral_filter,tulips,gaussian_noise,light,bilateral_filter,always_wrong,sunflowers,0.37812116742134094,roses,0.32272347807884216,sunflowers,0.25983572006225586,-0.0628877580165863
data/flower_photos/daisy/10172379554_b296050f82_n.jpg,9d28fe37d384974429e51febd82380e2ae17aed72dd59fb3ff938fa519bc4cc6,gaussian_noise__light__gaussian_filter,daisy,gaussian_noise,light,gaussian_filter,confidence_increased_still_wrong,tulips,0.4619367718696594,tulips,0.3789670169353485,tulips,0.6990883946418762,0.3201213777065277
data/flower_photos/daisy/102841525_bd6628ae3c.jpg,1adc5dbb8ba26a8d3d915ef8dc285241eb4d6e3e31cb2bbdcd04fc655f879c59,gaussian_noise__light__gaussian_filter,daisy,gaussian_noise,light,gaussian_filter,confidence_increased_still_wrong,sunflowers,0.6287983655929565,sunflowers,0.5011518001556396,sunflowers,0.5139238238334656,0.012772023677825928
data/flower_photos/roses/10090824183_d02c613f10_m.jpg,6e42dd14083dcddd8d5db6d9893cca3ca3df9a95bd070d111ac3e2a87322ec90,gaussian_noise__light__gaussian_filter,roses,gaussian_noise,light,gaussian_filter,confidence_increased_still_wrong,sunflowers,0.4803941547870636,sunflowers,0.4888893663883209,sunflowers,0.5679324269294739,0.07904306054115295
data/flower_photos/roses/10894627425_ec76bbc757_n.jpg,25d5b018c0e6d5b9e86bbfac035c20dc9a17ed32d856fd16d376d92c213bf2f8,gaussian_noise__light__gaussian_filter,roses,gaussian_noise,light,gaussian_filter,confidence_increased_still_wrong,dandelion,0.3331272006034851,dandelion,0.5095495581626892,dandelion,0.5713604092597961,0.061810851097106934
data/flower_photos/tulips/10164073235_f29931d91e.jpg,b8b2e5b1105af49e200e73695ec4b57b48fe5846a4f9e353d5ba7386d0acc512,gaussian_noise__light__gaussian_filter,tulips,gaussian_noise,light,gaussian_filter,confidence_increased_still_wrong,daisy,0.29853054881095886,roses,0.259328156709671,daisy,0.2837221622467041,0.02439400553703308
data/flower_photos/tulips/110147301_ad921e2828.jpg,3bd20b288dd03e4392cf90f1ec82cdb4448315ccc14183accd2abe695f5d04f7,gaussian_noise__light__gaussian_filter,tulips,gaussian_noise,light,gaussian_filter,always_wrong,sunflowers,0.37812116742134094,roses,0.32272347807884216,dandelion,0.29753297567367554,-0.025190502405166626
data/flower_photos/daisy/10172379554_b296050f82_n.jpg,9d28fe37d384974429e51febd82380e2ae17aed72dd59fb3ff938fa519bc4cc6,gaussian_noise__medium__bilateral_filter,daisy,gaussian_noise,medium,bilateral_filter,always_wrong,tulips,0.4619367718696594,tulips,0.45334622263908386,tulips,0.4338368773460388,-0.019509345293045044
data/flower_photos/daisy/102841525_bd6628ae3c.jpg,1adc5dbb8ba26a8d3d915ef8dc285241eb4d6e3e31cb2bbdcd04fc655f879c59,gaussian_noise__medium__bilateral_filter,daisy,gaussian_noise,medium,bilateral_filter,always_wrong,sunflowers,0.6287983655929565,roses,0.4535543918609619,sunflowers,0.3386748135089874,-0.11487957835197449
data/flower_photos/dandelion/10437652486_aa86c14985.jpg,94273f2a4deee3a4712be2e50b76c5c872d45c6d2a703ff1e7892d35964d4162,gaussian_noise__medium__bilateral_filter,dandelion,gaussian_noise,medium,bilateral_filter,recovered_by_enhancement,dandelion,0.5186096429824829,sunflowers,0.4972871243953705,dandelion,0.8252661228179932,0.3279789984226227
data/flower_photos/dandelion/10683189_bd6e371b97.jpg,ba15d73ee9d036cc9df4a5e4b7dc9f7e350c481436f3be3ed980f8431abc3c22,gaussian_noise__medium__bilateral_filter,dandelion,gaussian_noise,medium,bilateral_filter,harmed_by_enhancement,tulips,0.3903752863407135,dandelion,0.7152489423751831,tulips,0.34575721621513367,-0.36949172616004944
data/flower_photos/roses/10090824183_d02c613f10_m.jpg,6e42dd14083dcddd8d5db6d9893cca3ca3df9a95bd070d111ac3e2a87322ec90,gaussian_noise__medium__bilateral_filter,roses,gaussian_noise,medium,bilateral_filter,confidence_increased_still_wrong,sunflowers,0.4803941547870636,sunflowers,0.3967881202697754,tulips,0.4171609878540039,0.020372867584228516
data/flower_photos/roses/10894627425_ec76bbc757_n.jpg,25d5b018c0e6d5b9e86bbfac035c20dc9a17ed32d856fd16d376d92c213bf2f8,gaussian_noise__medium__bilateral_filter,roses,gaussian_noise,medium,bilateral_filter,confidence_increased_still_wrong,dandelion,0.3331272006034851,dandelion,0.4809912145137787,dandelion,0.581256628036499,0.10026541352272034
data/flower_photos/sunflowers/10386702973_e74a34c806_n.jpg,8fe6056c2366fe078569c42e750b841d9f49f867b3c3aef6b722306d72e30854,gaussian_noise__medium__bilateral_filter,sunflowers,gaussian_noise,medium,bilateral_filter,harmed_by_enhancement,tulips,0.3026597797870636,sunflowers,0.29444438219070435,roses,0.3163916766643524,0.02194729447364807
data/flower_photos/tulips/10164073235_f29931d91e.jpg,b8b2e5b1105af49e200e73695ec4b57b48fe5846a4f9e353d5ba7386d0acc512,gaussian_noise__medium__bilateral_filter,tulips,gaussian_noise,medium,bilateral_filter,harmed_by_enhancement,daisy,0.29853054881095886,tulips,0.3183434009552002,roses,0.30405014753341675,-0.014293253421783447
data/flower_photos/tulips/110147301_ad921e2828.jpg,3bd20b288dd03e4392cf90f1ec82cdb4448315ccc14183accd2abe695f5d04f7,gaussian_noise__medium__bilateral_filter,tulips,gaussian_noise,medium,bilateral_filter,confidence_increased_still_wrong,sunflowers,0.37812116742134094,daisy,0.2351355105638504,roses,0.29869917035102844,0.06356365978717804
data/flower_photos/daisy/10172379554_b296050f82_n.jpg,9d28fe37d384974429e51febd82380e2ae17aed72dd59fb3ff938fa519bc4cc6,gaussian_noise__medium__gaussian_filter,daisy,gaussian_noise,medium,gaussian_filter,confidence_increased_still_wrong,tulips,0.4619367718696594,tulips,0.45334622263908386,tulips,0.569119393825531,0.11577317118644714
data/flower_photos/daisy/102841525_bd6628ae3c.jpg,1adc5dbb8ba26a8d3d915ef8dc285241eb4d6e3e31cb2bbdcd04fc655f879c59,gaussian_noise__medium__gaussian_filter,daisy,gaussian_noise,medium,gaussian_filter,confidence_increased_still_wrong,sunflowers,0.6287983655929565,roses,0.4535543918609619,sunflowers,0.4782307744026184,0.024676382541656494
data/flower_photos/dandelion/10437652486_aa86c14985.jpg,94273f2a4deee3a4712be2e50b76c5c872d45c6d2a703ff1e7892d35964d4162,gaussian_noise__medium__gaussian_filter,dandelion,gaussian_noise,medium,gaussian_filter,clean_correct_degraded_wrong,dandelion,0.5186096429824829,sunflowers,0.4972871243953705,sunflowers,0.3813520073890686,-0.11593511700630188
data/flower_photos/roses/10090824183_d02c613f10_m.jpg,6e42dd14083dcddd8d5db6d9893cca3ca3df9a95bd070d111ac3e2a87322ec90,gaussian_noise__medium__gaussian_filter,roses,gaussian_noise,medium,gaussian_filter,confidence_increased_still_wrong,sunflowers,0.4803941547870636,sunflowers,0.3967881202697754,sunflowers,0.7240293025970459,0.3272411823272705
data/flower_photos/roses/10894627425_ec76bbc757_n.jpg,25d5b018c0e6d5b9e86bbfac035c20dc9a17ed32d856fd16d376d92c213bf2f8,gaussian_noise__medium__gaussian_filter,roses,gaussian_noise,medium,gaussian_filter,always_wrong,dandelion,0.3331272006034851,dandelion,0.4809912145137787,tulips,0.3646363615989685,-0.11635485291481018
data/flower_photos/sunflowers/10386702973_e74a34c806_n.jpg,8fe6056c2366fe078569c42e750b841d9f49f867b3c3aef6b722306d72e30854,gaussian_noise__medium__gaussian_filter,sunflowers,gaussian_noise,medium,gaussian_filter,harmed_by_enhancement,tulips,0.3026597797870636,sunflowers,0.29444438219070435,dandelion,0.3575260639190674,0.06308168172836304
data/flower_photos/tulips/110147301_ad921e2828.jpg,3bd20b288dd03e4392cf90f1ec82cdb4448315ccc14183accd2abe695f5d04f7,gaussian_noise__medium__gaussian_filter,tulips,gaussian_noise,medium,gaussian_filter,confidence_increased_still_wrong,sunflowers,0.37812116742134094,daisy,0.2351355105638504,sunflowers,0.2957647144794464,0.06062920391559601
data/flower_photos/daisy/10172379554_b296050f82_n.jpg,9d28fe37d384974429e51febd82380e2ae17aed72dd59fb3ff938fa519bc4cc6,gaussian_noise__strong__bilateral_filter,daisy,gaussian_noise,strong,bilateral_filter,confidence_increased_still_wrong,tulips,0.4619367718696594,sunflowers,0.3646511137485504,tulips,0.45070379972457886,0.08605268597602844
data/flower_photos/daisy/102841525_bd6628ae3c.jpg,1adc5dbb8ba26a8d3d915ef8dc285241eb4d6e3e31cb2bbdcd04fc655f879c59,gaussian_noise__strong__bilateral_filter,daisy,gaussian_noise,strong,bilateral_filter,confidence_increased_still_wrong,sunflowers,0.6287983655929565,roses,0.47124674916267395,roses,0.49854928255081177,0.027302533388137817
data/flower_photos/dandelion/10437652486_aa86c14985.jpg,94273f2a4deee3a4712be2e50b76c5c872d45c6d2a703ff1e7892d35964d4162,gaussian_noise__strong__bilateral_filter,dandelion,gaussian_noise,strong,bilateral_filter,clean_correct_degraded_wrong,dandelion,0.5186096429824829,sunflowers,0.5796535611152649,sunflowers,0.4309544563293457,-0.1486991047859192
data/flower_photos/roses/10090824183_d02c613f10_m.jpg,6e42dd14083dcddd8d5db6d9893cca3ca3df9a95bd070d111ac3e2a87322ec90,gaussian_noise__strong__bilateral_filter,roses,gaussian_noise,strong,bilateral_filter,confidence_increased_still_wrong,sunflowers,0.4803941547870636,sunflowers,0.4634980857372284,dandelion,0.6234280467033386,0.15992996096611023
data/flower_photos/roses/10894627425_ec76bbc757_n.jpg,25d5b018c0e6d5b9e86bbfac035c20dc9a17ed32d856fd16d376d92c213bf2f8,gaussian_noise__strong__bilateral_filter,roses,gaussian_noise,strong,bilateral_filter,confidence_increased_still_wrong,dandelion,0.3331272006034851,sunflowers,0.435808926820755,dandelion,0.6337699294090271,0.1979610025882721
data/flower_photos/tulips/10164073235_f29931d91e.jpg,b8b2e5b1105af49e200e73695ec4b57b48fe5846a4f9e353d5ba7386d0acc512,gaussian_noise__strong__bilateral_filter,tulips,gaussian_noise,strong,bilateral_filter,harmed_by_enhancement,daisy,0.29853054881095886,tulips,0.34139272570610046,roses,0.3928699195384979,0.05147719383239746
data/flower_photos/tulips/110147301_ad921e2828.jpg,3bd20b288dd03e4392cf90f1ec82cdb4448315ccc14183accd2abe695f5d04f7,gaussian_noise__strong__bilateral_filter,tulips,gaussian_noise,strong,bilateral_filter,always_wrong,sunflowers,0.37812116742134094,sunflowers,0.388152152299881,dandelion,0.3681188225746155,-0.020033329725265503
data/flower_photos/daisy/10172379554_b296050f82_n.jpg,9d28fe37d384974429e51febd82380e2ae17aed72dd59fb3ff938fa519bc4cc6,gaussian_noise__strong__gaussian_filter,daisy,gaussian_noise,strong,gaussian_filter,always_wrong,tulips,0.4619367718696594,sunflowers,0.3646511137485504,tulips,0.338155061006546,-0.026496052742004395
data/flower_photos/daisy/102841525_bd6628ae3c.jpg,1adc5dbb8ba26a8d3d915ef8dc285241eb4d6e3e31cb2bbdcd04fc655f879c59,gaussian_noise__strong__gaussian_filter,daisy,gaussian_noise,strong,gaussian_filter,always_wrong,sunflowers,0.6287983655929565,roses,0.47124674916267395,sunflowers,0.3303300738334656,-0.14091667532920837
data/flower_photos/dandelion/10437652486_aa86c14985.jpg,94273f2a4deee3a4712be2e50b76c5c872d45c6d2a703ff1e7892d35964d4162,gaussian_noise__strong__gaussian_filter,dandelion,gaussian_noise,strong,gaussian_filter,clean_correct_degraded_wrong,dandelion,0.5186096429824829,sunflowers,0.5796535611152649,sunflowers,0.34535932540893555,-0.23429423570632935
data/flower_photos/roses/10090824183_d02c613f10_m.jpg,6e42dd14083dcddd8d5db6d9893cca3ca3df9a95bd070d111ac3e2a87322ec90,gaussian_noise__strong__gaussian_filter,roses,gaussian_noise,strong,gaussian_filter,confidence_increased_still_wrong,sunflowers,0.4803941547870636,sunflowers,0.4634980857372284,sunflowers,0.6690322756767273,0.2055341899394989
data/flower_photos/roses/10894627425_ec76bbc757_n.jpg,25d5b018c0e6d5b9e86bbfac035c20dc9a17ed32d856fd16d376d92c213bf2f8,gaussian_noise__strong__gaussian_filter,roses,gaussian_noise,strong,gaussian_filter,always_wrong,dandelion,0.3331272006034851,sunflowers,0.435808926820755,tulips,0.3380441665649414,-0.0977647602558136
data/flower_photos/sunflowers/10386702973_e74a34c806_n.jpg,8fe6056c2366fe078569c42e750b841d9f49f867b3c3aef6b722306d72e30854,gaussian_noise__strong__gaussian_filter,sunflowers,gaussian_noise,strong,gaussian_filter,harmed_by_enhancement,tulips,0.3026597797870636,sunflowers,0.4340343475341797,dandelion,0.46446141600608826,0.03042706847190857
data/flower_photos/tulips/110147301_ad921e2828.jpg,3bd20b288dd03e4392cf90f1ec82cdb4448315ccc14183accd2abe695f5d04f7,gaussian_noise__strong__gaussian_filter,tulips,gaussian_noise,strong,gaussian_filter,always_wrong,sunflowers,0.37812116742134094,sunflowers,0.388152152299881,sunflowers,0.35272401571273804,-0.035428136587142944
data/flower_photos/daisy/10172379554_b296050f82_n.jpg,9d28fe37d384974429e51febd82380e2ae17aed72dd59fb3ff938fa519bc4cc6,low_light__light__clahe,daisy,low_light,light,clahe,always_wrong,tulips,0.4619367718696594,tulips,0.466782808303833,tulips,0.4299832284450531,-0.03679957985877991
data/flower_photos/daisy/102841525_bd6628ae3c.jpg,1adc5dbb8ba26a8d3d915ef8dc285241eb4d6e3e31cb2bbdcd04fc655f879c59,low_light__light__clahe,daisy,low_light,light,clahe,confidence_increased_still_wrong,sunflowers,0.6287983655929565,sunflowers,0.5404525399208069,sunflowers,0.6360543370246887,0.09560179710388184
data/flower_photos/dandelion/10437652486_aa86c14985.jpg,94273f2a4deee3a4712be2e50b76c5c872d45c6d2a703ff1e7892d35964d4162,low_light__light__clahe,dandelion,low_light,light,clahe,harmed_by_enhancement,dandelion,0.5186096429824829,dandelion,0.44140347838401794,sunflowers,0.3198587894439697,-0.12154468894004822
data/flower_photos/dandelion/10683189_bd6e371b97.jpg,ba15d73ee9d036cc9df4a5e4b7dc9f7e350c481436f3be3ed980f8431abc3c22,low_light__light__clahe,dandelion,low_light,light,clahe,confidence_increased_still_wrong,tulips,0.3903752863407135,tulips,0.290507972240448,tulips,0.29969316720962524,0.009185194969177246
data/flower_photos/roses/10090824183_d02c613f10_m.jpg,6e42dd14083dcddd8d5db6d9893cca3ca3df9a95bd070d111ac3e2a87322ec90,low_light__light__clahe,roses,low_light,light,clahe,confidence_increased_still_wrong,sunflowers,0.4803941547870636,sunflowers,0.4714650511741638,sunflowers,0.4798808991909027,0.008415848016738892
data/flower_photos/roses/10894627425_ec76bbc757_n.jpg,25d5b018c0e6d5b9e86bbfac035c20dc9a17ed32d856fd16d376d92c213bf2f8,low_light__light__clahe,roses,low_light,light,clahe,confidence_increased_still_wrong,dandelion,0.3331272006034851,dandelion,0.32118937373161316,sunflowers,0.4158366620540619,0.09464728832244873
data/flower_photos/sunflowers/10386702973_e74a34c806_n.jpg,8fe6056c2366fe078569c42e750b841d9f49f867b3c3aef6b722306d72e30854,low_light__light__clahe,sunflowers,low_light,light,clahe,confidence_increased_still_wrong,tulips,0.3026597797870636,tulips,0.3020355701446533,tulips,0.31808900833129883,0.016053438186645508
data/flower_photos/tulips/110147301_ad921e2828.jpg,3bd20b288dd03e4392cf90f1ec82cdb4448315ccc14183accd2abe695f5d04f7,low_light__light__clahe,tulips,low_light,light,clahe,always_wrong,sunflowers,0.37812116742134094,sunflowers,0.4685617685317993,sunflowers,0.4475227892398834,-0.021038979291915894
data/flower_photos/daisy/10172379554_b296050f82_n.jpg,9d28fe37d384974429e51febd82380e2ae17aed72dd59fb3ff938fa519bc4cc6,low_light__light__gamma_correction,daisy,low_light,light,gamma_correction,always_wrong,tulips,0.4619367718696594,tulips,0.466782808303833,tulips,0.46242910623550415,-0.004353702068328857
data/flower_photos/daisy/102841525_bd6628ae3c.jpg,1adc5dbb8ba26a8d3d915ef8dc285241eb4d6e3e31cb2bbdcd04fc655f879c59,low_light__light__gamma_correction,daisy,low_light,light,gamma_correction,confidence_increased_still_wrong,sunflowers,0.6287983655929565,sunflowers,0.5404525399208069,sunflowers,0.6327621936798096,0.09230965375900269
data/flower_photos/dandelion/10683189_bd6e371b97.jpg,ba15d73ee9d036cc9df4a5e4b7dc9f7e350c481436f3be3ed980f8431abc3c22,low_light__light__gamma_correction,dandelion,low_light,light,gamma_correction,confidence_increased_still_wrong,tulips,0.3903752863407135,tulips,0.290507972240448,tulips,0.3649372160434723,0.07442924380302429
data/flower_photos/roses/10090824183_d02c613f10_m.jpg,6e42dd14083dcddd8d5db6d9893cca3ca3df9a95bd070d111ac3e2a87322ec90,low_light__light__gamma_correction,roses,low_light,light,gamma_correction,confidence_increased_still_wrong,sunflowers,0.4803941547870636,sunflowers,0.4714650511741638,sunflowers,0.5608651041984558,0.08940005302429199
data/flower_photos/roses/10894627425_ec76bbc757_n.jpg,25d5b018c0e6d5b9e86bbfac035c20dc9a17ed32d856fd16d376d92c213bf2f8,low_light__light__gamma_correction,roses,low_light,light,gamma_correction,always_wrong,dandelion,0.3331272006034851,dandelion,0.32118937373161316,dandelion,0.3145864009857178,-0.006602972745895386
data/flower_photos/sunflowers/10386702973_e74a34c806_n.jpg,8fe6056c2366fe078569c42e750b841d9f49f867b3c3aef6b722306d72e30854,low_light__light__gamma_correction,sunflowers,low_light,light,gamma_correction,confidence_increased_still_wrong,tulips,0.3026597797870636,tulips,0.3020355701446533,tulips,0.3033721148967743,0.0013365447521209717
data/flower_photos/tulips/10164073235_f29931d91e.jpg,b8b2e5b1105af49e200e73695ec4b57b48fe5846a4f9e353d5ba7386d0acc512,low_light__light__gamma_correction,tulips,low_light,light,gamma_correction,confidence_increased_still_wrong,daisy,0.29853054881095886,daisy,0.2839561104774475,daisy,0.29334700107574463,0.00939089059829712
data/flower_photos/tulips/110147301_ad921e2828.jpg,3bd20b288dd03e4392cf90f1ec82cdb4448315ccc14183accd2abe695f5d04f7,low_light__light__gamma_correction,tulips,low_light,light,gamma_correction,always_wrong,sunflowers,0.37812116742134094,sunflowers,0.4685617685317993,sunflowers,0.376136839389801,-0.09242492914199829
data/flower_photos/daisy/10172379554_b296050f82_n.jpg,9d28fe37d384974429e51febd82380e2ae17aed72dd59fb3ff938fa519bc4cc6,low_light__medium__clahe,daisy,low_light,medium,clahe,confidence_increased_still_wrong,tulips,0.4619367718696594,tulips,0.3030664920806885,tulips,0.308810293674469,0.005743801593780518
data/flower_photos/daisy/102841525_bd6628ae3c.jpg,1adc5dbb8ba26a8d3d915ef8dc285241eb4d6e3e31cb2bbdcd04fc655f879c59,low_light__medium__clahe,daisy,low_light,medium,clahe,confidence_increased_still_wrong,sunflowers,0.6287983655929565,sunflowers,0.4554479420185089,sunflowers,0.5275035500526428,0.07205560803413391
data/flower_photos/dandelion/10437652486_aa86c14985.jpg,94273f2a4deee3a4712be2e50b76c5c872d45c6d2a703ff1e7892d35964d4162,low_light__medium__clahe,dandelion,low_light,medium,clahe,clean_correct_degraded_wrong,dandelion,0.5186096429824829,tulips,0.36921587586402893,sunflowers,0.2804219126701355,-0.08879396319389343
data/flower_photos/dandelion/10683189_bd6e371b97.jpg,ba15d73ee9d036cc9df4a5e4b7dc9f7e350c481436f3be3ed980f8431abc3c22,low_light__medium__clahe,dandelion,low_light,medium,clahe,confidence_increased_still_wrong,tulips,0.3903752863407135,tulips,0.3049146831035614,daisy,0.31125348806381226,0.0063388049602508545
data/flower_photos/roses/10090824183_d02c613f10_m.jpg,6e42dd14083dcddd8d5db6d9893cca3ca3df9a95bd070d111ac3e2a87322ec90,low_light__medium__clahe,roses,low_light,medium,clahe,confidence_increased_still_wrong,sunflowers,0.4803941547870636,sunflowers,0.43713679909706116,sunflowers,0.604904294013977,0.1677674949169159
data/flower_photos/roses/10894627425_ec76bbc757_n.jpg,25d5b018c0e6d5b9e86bbfac035c20dc9a17ed32d856fd16d376d92c213bf2f8,low_light__medium__clahe,roses,low_light,medium,clahe,confidence_increased_still_wrong,dandelion,0.3331272006034851,sunflowers,0.3007539212703705,sunflowers,0.3576662242412567,0.05691230297088623
data/flower_photos/tulips/110147301_ad921e2828.jpg,3bd20b288dd03e4392cf90f1ec82cdb4448315ccc14183accd2abe695f5d04f7,low_light__medium__clahe,tulips,low_light,medium,clahe,confidence_increased_still_wrong,sunflowers,0.37812116742134094,sunflowers,0.41842174530029297,sunflowers,0.44742029905319214,0.02899855375289917
data/flower_photos/daisy/10172379554_b296050f82_n.jpg,9d28fe37d384974429e51febd82380e2ae17aed72dd59fb3ff938fa519bc4cc6,low_light__medium__gamma_correction,daisy,low_light,medium,gamma_correction,confidence_increased_still_wrong,tulips,0.4619367718696594,tulips,0.3030664920806885,tulips,0.4082123041152954,0.10514581203460693
data/flower_photos/daisy/102841525_bd6628ae3c.jpg,1adc5dbb8ba26a8d3d915ef8dc285241eb4d6e3e31cb2bbdcd04fc655f879c59,low_light__medium__gamma_correction,daisy,low_light,medium,gamma_correction,confidence_increased_still_wrong,sunflowers,0.6287983655929565,sunflowers,0.4554479420185089,sunflowers,0.6202201247215271,0.1647721827030182
data/flower_photos/dandelion/10437652486_aa86c14985.jpg,94273f2a4deee3a4712be2e50b76c5c872d45c6d2a703ff1e7892d35964d4162,low_light__medium__gamma_correction,dandelion,low_light,medium,gamma_correction,recovered_by_enhancement,dandelion,0.5186096429824829,tulips,0.36921587586402893,dandelion,0.4182119369506836,0.04899606108665466
data/flower_photos/dandelion/10683189_bd6e371b97.jpg,ba15d73ee9d036cc9df4a5e4b7dc9f7e350c481436f3be3ed980f8431abc3c22,low_light__medium__gamma_correction,dandelion,low_light,medium,gamma_correction,always_wrong,tulips,0.3903752863407135,tulips,0.3049146831035614,tulips,0.30218175053596497,-0.0027329325675964355
data/flower_photos/roses/10090824183_d02c613f10_m.jpg,6e42dd14083dcddd8d5db6d9893cca3ca3df9a95bd070d111ac3e2a87322ec90,low_light__medium__gamma_correction,roses,low_light,medium,gamma_correction,confidence_increased_still_wrong,sunflowers,0.4803941547870636,sunflowers,0.43713679909706116,sunflowers,0.6053798198699951,0.16824302077293396
data/flower_photos/roses/10894627425_ec76bbc757_n.jpg,25d5b018c0e6d5b9e86bbfac035c20dc9a17ed32d856fd16d376d92c213bf2f8,low_light__medium__gamma_correction,roses,low_light,medium,gamma_correction,confidence_increased_still_wrong,dandelion,0.3331272006034851,sunflowers,0.3007539212703705,dandelion,0.3740203082561493,0.07326638698577881
data/flower_photos/sunflowers/10386702973_e74a34c806_n.jpg,8fe6056c2366fe078569c42e750b841d9f49f867b3c3aef6b722306d72e30854,low_light__medium__gamma_correction,sunflowers,low_light,medium,gamma_correction,always_wrong,tulips,0.3026597797870636,tulips,0.3165419399738312,tulips,0.3098134696483612,-0.006728470325469971
data/flower_photos/tulips/10164073235_f29931d91e.jpg,b8b2e5b1105af49e200e73695ec4b57b48fe5846a4f9e353d5ba7386d0acc512,low_light__medium__gamma_correction,tulips,low_light,medium,gamma_correction,always_wrong,daisy,0.29853054881095886,dandelion,0.27166077494621277,daisy,0.2589030861854553,-0.012757688760757446
data/flower_photos/tulips/110147301_ad921e2828.jpg,3bd20b288dd03e4392cf90f1ec82cdb4448315ccc14183accd2abe695f5d04f7,low_light__medium__gamma_correction,tulips,low_light,medium,gamma_correction,always_wrong,sunflowers,0.37812116742134094,sunflowers,0.41842174530029297,sunflowers,0.32223576307296753,-0.09618598222732544
data/flower_photos/daisy/102841525_bd6628ae3c.jpg,1adc5dbb8ba26a8d3d915ef8dc285241eb4d6e3e31cb2bbdcd04fc655f879c59,low_light__strong__clahe,daisy,low_light,strong,clahe,confidence_increased_still_wrong,sunflowers,0.6287983655929565,sunflowers,0.42167651653289795,sunflowers,0.46964019536972046,0.04796367883682251
data/flower_photos/dandelion/10437652486_aa86c14985.jpg,94273f2a4deee3a4712be2e50b76c5c872d45c6d2a703ff1e7892d35964d4162,low_light__strong__clahe,dandelion,low_light,strong,clahe,clean_correct_degraded_wrong,dandelion,0.5186096429824829,tulips,0.43077513575553894,tulips,0.41974368691444397,-0.01103144884109497
data/flower_photos/dandelion/10683189_bd6e371b97.jpg,ba15d73ee9d036cc9df4a5e4b7dc9f7e350c481436f3be3ed980f8431abc3c22,low_light__strong__clahe,dandelion,low_light,strong,clahe,confidence_increased_still_wrong,tulips,0.3903752863407135,daisy,0.33487197756767273,daisy,0.39156925678253174,0.05669727921485901
data/flower_photos/roses/10090824183_d02c613f10_m.jpg,6e42dd14083dcddd8d5db6d9893cca3ca3df9a95bd070d111ac3e2a87322ec90,low_light__strong__clahe,roses,low_light,strong,clahe,confidence_increased_still_wrong,sunflowers,0.4803941547870636,sunflowers,0.5200743675231934,sunflowers,0.5378100872039795,0.017735719680786133
data/flower_photos/roses/10894627425_ec76bbc757_n.jpg,25d5b018c0e6d5b9e86bbfac035c20dc9a17ed32d856fd16d376d92c213bf2f8,low_light__strong__clahe,roses,low_light,strong,clahe,always_wrong,dandelion,0.3331272006034851,daisy,0.2839879095554352,sunflowers,0.26216933131217957,-0.021818578243255615
data/flower_photos/tulips/10164073235_f29931d91e.jpg,b8b2e5b1105af49e200e73695ec4b57b48fe5846a4f9e353d5ba7386d0acc512,low_light__strong__clahe,tulips,low_light,strong,clahe,always_wrong,daisy,0.29853054881095886,dandelion,0.3761768341064453,dandelion,0.31462615728378296,-0.061550676822662354
data/flower_photos/tulips/110147301_ad921e2828.jpg,3bd20b288dd03e4392cf90f1ec82cdb4448315ccc14183accd2abe695f5d04f7,low_light__strong__clahe,tulips,low_light,strong,clahe,always_wrong,sunflowers,0.37812116742134094,sunflowers,0.39491456747055054,sunflowers,0.3762069344520569,-0.018707633018493652
data/flower_photos/daisy/10172379554_b296050f82_n.jpg,9d28fe37d384974429e51febd82380e2ae17aed72dd59fb3ff938fa519bc4cc6,low_light__strong__gamma_correction,daisy,low_light,strong,gamma_correction,harmed_by_enhancement,tulips,0.4619367718696594,daisy,0.42332878708839417,sunflowers,0.5569655299186707,0.1336367428302765
data/flower_photos/daisy/102841525_bd6628ae3c.jpg,1adc5dbb8ba26a8d3d915ef8dc285241eb4d6e3e31cb2bbdcd04fc655f879c59,low_light__strong__gamma_correction,daisy,low_light,strong,gamma_correction,confidence_increased_still_wrong,sunflowers,0.6287983655929565,sunflowers,0.42167651653289795,sunflowers,0.7056570053100586,0.28398048877716064
data/flower_photos/dandelion/10437652486_aa86c14985.jpg,94273f2a4deee3a4712be2e50b76c5c872d45c6d2a703ff1e7892d35964d4162,low_light__strong__gamma_correction,dandelion,low_light,strong,gamma_correction,recovered_by_enhancement,dandelion,0.5186096429824829,tulips,0.43077513575553894,dandelion,0.3945396840572357,-0.03623545169830322
data/flower_photos/dandelion/10683189_bd6e371b97.jpg,ba15d73ee9d036cc9df4a5e4b7dc9f7e350c481436f3be3ed980f8431abc3c22,low_light__strong__gamma_correction,dandelion,low_light,strong,gamma_correction,always_wrong,tulips,0.3903752863407135,daisy,0.33487197756767273,tulips,0.26543161273002625,-0.06944036483764648
data/flower_photos/roses/10090824183_d02c613f10_m.jpg,6e42dd14083dcddd8d5db6d9893cca3ca3df9a95bd070d111ac3e2a87322ec90,low_light__strong__gamma_correction,roses,low_light,strong,gamma_correction,always_wrong,sunflowers,0.4803941547870636,sunflowers,0.5200743675231934,sunflowers,0.4781675338745117,-0.04190683364868164
data/flower_photos/roses/10894627425_ec76bbc757_n.jpg,25d5b018c0e6d5b9e86bbfac035c20dc9a17ed32d856fd16d376d92c213bf2f8,low_light__strong__gamma_correction,roses,low_light,strong,gamma_correction,confidence_increased_still_wrong,dandelion,0.3331272006034851,daisy,0.2839879095554352,sunflowers,0.31245771050453186,0.02846980094909668
data/flower_photos/sunflowers/10386702973_e74a34c806_n.jpg,8fe6056c2366fe078569c42e750b841d9f49f867b3c3aef6b722306d72e30854,low_light__strong__gamma_correction,sunflowers,low_light,strong,gamma_correction,harmed_by_enhancement,tulips,0.3026597797870636,sunflowers,0.2790195047855377,tulips,0.36462315917015076,0.08560365438461304
data/flower_photos/tulips/10164073235_f29931d91e.jpg,b8b2e5b1105af49e200e73695ec4b57b48fe5846a4f9e353d5ba7386d0acc512,low_light__strong__gamma_correction,tulips,low_light,strong,gamma_correction,always_wrong,daisy,0.29853054881095886,dandelion,0.3761768341064453,daisy,0.21300534904003143,-0.16317148506641388
data/flower_photos/daisy/10172379554_b296050f82_n.jpg,9d28fe37d384974429e51febd82380e2ae17aed72dd59fb3ff938fa519bc4cc6,salt_pepper__light__gaussian_filter,daisy,salt_pepper,light,gaussian_filter,harmed_by_enhancement,tulips,0.4619367718696594,daisy,0.32366639375686646,tulips,0.6370148658752441,0.3133484721183777
data/flower_photos/daisy/102841525_bd6628ae3c.jpg,1adc5dbb8ba26a8d3d915ef8dc285241eb4d6e3e31cb2bbdcd04fc655f879c59,salt_pepper__light__gaussian_filter,daisy,salt_pepper,light,gaussian_filter,always_wrong,sunflowers,0.6287983655929565,sunflowers,0.5395366549491882,sunflowers,0.44766536355018616,-0.09187129139900208
data/flower_photos/dandelion/10437652486_aa86c14985.jpg,94273f2a4deee3a4712be2e50b76c5c872d45c6d2a703ff1e7892d35964d4162,salt_pepper__light__gaussian_filter,dandelion,salt_pepper,light,gaussian_filter,recovered_by_enhancement,dandelion,0.5186096429824829,sunflowers,0.414945513010025,dandelion,0.47677600383758545,0.061830490827560425
data/flower_photos/dandelion/10683189_bd6e371b97.jpg,ba15d73ee9d036cc9df4a5e4b7dc9f7e350c481436f3be3ed980f8431abc3c22,salt_pepper__light__gaussian_filter,dandelion,salt_pepper,light,gaussian_filter,always_wrong,tulips,0.3903752863407135,tulips,0.41027170419692993,daisy,0.33380910754203796,-0.07646259665489197
data/flower_photos/roses/10090824183_d02c613f10_m.jpg,6e42dd14083dcddd8d5db6d9893cca3ca3df9a95bd070d111ac3e2a87322ec90,salt_pepper__light__gaussian_filter,roses,salt_pepper,light,gaussian_filter,always_wrong,sunflowers,0.4803941547870636,tulips,0.4927794337272644,sunflowers,0.42492303252220154,-0.06785640120506287
data/flower_photos/roses/10894627425_ec76bbc757_n.jpg,25d5b018c0e6d5b9e86bbfac035c20dc9a17ed32d856fd16d376d92c213bf2f8,salt_pepper__light__gaussian_filter,roses,salt_pepper,light,gaussian_filter,confidence_increased_still_wrong,dandelion,0.3331272006034851,dandelion,0.3329430818557739,dandelion,0.530092716217041,0.1971496343612671
data/flower_photos/sunflowers/10386702973_e74a34c806_n.jpg,8fe6056c2366fe078569c42e750b841d9f49f867b3c3aef6b722306d72e30854,salt_pepper__light__gaussian_filter,sunflowers,salt_pepper,light,gaussian_filter,always_wrong,tulips,0.3026597797870636,tulips,0.3430977463722229,tulips,0.3228153586387634,-0.020282387733459473
data/flower_photos/tulips/10164073235_f29931d91e.jpg,b8b2e5b1105af49e200e73695ec4b57b48fe5846a4f9e353d5ba7386d0acc512,salt_pepper__light__gaussian_filter,tulips,salt_pepper,light,gaussian_filter,confidence_increased_still_wrong,daisy,0.29853054881095886,dandelion,0.28456032276153564,daisy,0.505920946598053,0.22136062383651733
data/flower_photos/tulips/110147301_ad921e2828.jpg,3bd20b288dd03e4392cf90f1ec82cdb4448315ccc14183accd2abe695f5d04f7,salt_pepper__light__gaussian_filter,tulips,salt_pepper,light,gaussian_filter,confidence_increased_still_wrong,sunflowers,0.37812116742134094,sunflowers,0.5887497663497925,daisy,0.5995323061943054,0.01078253984451294
data/flower_photos/daisy/10172379554_b296050f82_n.jpg,9d28fe37d384974429e51febd82380e2ae17aed72dd59fb3ff938fa519bc4cc6,salt_pepper__light__median_filter,daisy,salt_pepper,light,median_filter,harmed_by_enhancement,tulips,0.4619367718696594,daisy,0.32366639375686646,roses,0.28253811597824097,-0.04112827777862549
data/flower_photos/daisy/102841525_bd6628ae3c.jpg,1adc5dbb8ba26a8d3d915ef8dc285241eb4d6e3e31cb2bbdcd04fc655f879c59,salt_pepper__light__median_filter,daisy,salt_pepper,light,median_filter,confidence_increased_still_wrong,sunflowers,0.6287983655929565,sunflowers,0.5395366549491882,sunflowers,0.5537158846855164,0.014179229736328125
data/flower_photos/dandelion/10437652486_aa86c14985.jpg,94273f2a4deee3a4712be2e50b76c5c872d45c6d2a703ff1e7892d35964d4162,salt_pepper__light__median_filter,dandelion,salt_pepper,light,median_filter,clean_correct_degraded_wrong,dandelion,0.5186096429824829,sunflowers,0.414945513010025,daisy,0.32242605090141296,-0.09251946210861206
data/flower_photos/dandelion/10683189_bd6e371b97.jpg,ba15d73ee9d036cc9df4a5e4b7dc9f7e350c481436f3be3ed980f8431abc3c22,salt_pepper__light__median_filter,dandelion,salt_pepper,light,median_filter,always_wrong,tulips,0.3903752863407135,tulips,0.41027170419692993,tulips,0.3123609125614166,-0.0979107916355133
data/flower_photos/roses/10090824183_d02c613f10_m.jpg,6e42dd14083dcddd8d5db6d9893cca3ca3df9a95bd070d111ac3e2a87322ec90,salt_pepper__light__median_filter,roses,salt_pepper,light,median_filter,confidence_increased_still_wrong,sunflowers,0.4803941547870636,tulips,0.4927794337272644,sunflowers,0.5709228515625,0.0781434178352356
data/flower_photos/roses/10894627425_ec76bbc757_n.jpg,25d5b018c0e6d5b9e86bbfac035c20dc9a17ed32d856fd16d376d92c213bf2f8,salt_pepper__light__median_filter,roses,salt_pepper,light,median_filter,confidence_increased_still_wrong,dandelion,0.3331272006034851,dandelion,0.3329430818557739,dandelion,0.3440946042537689,0.011151522397994995
data/flower_photos/tulips/10164073235_f29931d91e.jpg,b8b2e5b1105af49e200e73695ec4b57b48fe5846a4f9e353d5ba7386d0acc512,salt_pepper__light__median_filter,tulips,salt_pepper,light,median_filter,confidence_increased_still_wrong,daisy,0.29853054881095886,dandelion,0.28456032276153564,dandelion,0.44119885563850403,0.15663853287696838
data/flower_photos/tulips/110147301_ad921e2828.jpg,3bd20b288dd03e4392cf90f1ec82cdb4448315ccc14183accd2abe695f5d04f7,salt_pepper__light__median_filter,tulips,salt_pepper,light,median_filter,always_wrong,sunflowers,0.37812116742134094,sunflowers,0.5887497663497925,sunflowers,0.29403603076934814,-0.29471373558044434
data/flower_photos/daisy/10172379554_b296050f82_n.jpg,9d28fe37d384974429e51febd82380e2ae17aed72dd59fb3ff938fa519bc4cc6,salt_pepper__medium__gaussian_filter,daisy,salt_pepper,medium,gaussian_filter,confidence_increased_still_wrong,tulips,0.4619367718696594,tulips,0.45801815390586853,tulips,0.6806312799453735,0.222613126039505
data/flower_photos/daisy/102841525_bd6628ae3c.jpg,1adc5dbb8ba26a8d3d915ef8dc285241eb4d6e3e31cb2bbdcd04fc655f879c59,salt_pepper__medium__gaussian_filter,daisy,salt_pepper,medium,gaussian_filter,always_wrong,sunflowers,0.6287983655929565,sunflowers,0.5050675272941589,dandelion,0.3802831172943115,-0.12478440999984741
data/flower_photos/dandelion/10437652486_aa86c14985.jpg,94273f2a4deee3a4712be2e50b76c5c872d45c6d2a703ff1e7892d35964d4162,salt_pepper__medium__gaussian_filter,dandelion,salt_pepper,medium,gaussian_filter,recovered_by_enhancement,dandelion,0.5186096429824829,sunflowers,0.3143203556537628,dandelion,0.4039883613586426,0.08966800570487976
data/flower_photos/dandelion/10683189_bd6e371b97.jpg,ba15d73ee9d036cc9df4a5e4b7dc9f7e350c481436f3be3ed980f8431abc3c22,salt_pepper__medium__gaussian_filter,dandelion,salt_pepper,medium,gaussian_filter,confidence_increased_still_wrong,tulips,0.3903752863407135,tulips,0.4642007052898407,tulips,0.48349592089653015,0.019295215606689453
data/flower_photos/roses/10090824183_d02c613f10_m.jpg,6e42dd14083dcddd8d5db6d9893cca3ca3df9a95bd070d111ac3e2a87322ec90,salt_pepper__medium__gaussian_filter,roses,salt_pepper,medium,gaussian_filter,always_wrong,sunflowers,0.4803941547870636,tulips,0.6050820350646973,sunflowers,0.45528945326805115,-0.14979258179664612
data/flower_photos/roses/10894627425_ec76bbc757_n.jpg,25d5b018c0e6d5b9e86bbfac035c20dc9a17ed32d856fd16d376d92c213bf2f8,salt_pepper__medium__gaussian_filter,roses,salt_pepper,medium,gaussian_filter,confidence_increased_still_wrong,dandelion,0.3331272006034851,dandelion,0.3702995777130127,dandelion,0.4716273248195648,0.10132774710655212
data/flower_photos/sunflowers/10386702973_e74a34c806_n.jpg,8fe6056c2366fe078569c42e750b841d9f49f867b3c3aef6b722306d72e30854,salt_pepper__medium__gaussian_filter,sunflowers,salt_pepper,medium,gaussian_filter,confidence_increased_still_wrong,tulips,0.3026597797870636,daisy,0.2562579810619354,daisy,0.3915284276008606,0.13527044653892517
data/flower_photos/tulips/10164073235_f29931d91e.jpg,b8b2e5b1105af49e200e73695ec4b57b48fe5846a4f9e353d5ba7386d0acc512,salt_pepper__medium__gaussian_filter,tulips,salt_pepper,medium,gaussian_filter,confidence_increased_still_wrong,daisy,0.29853054881095886,dandelion,0.3474327325820923,dandelion,0.4809154272079468,0.1334826946258545
data/flower_photos/tulips/110147301_ad921e2828.jpg,3bd20b288dd03e4392cf90f1ec82cdb4448315ccc14183accd2abe695f5d04f7,salt_pepper__medium__gaussian_filter,tulips,salt_pepper,medium,gaussian_filter,confidence_increased_still_wrong,sunflowers,0.37812116742134094,daisy,0.4763234853744507,daisy,0.5149638652801514,0.038640379905700684
data/flower_photos/daisy/10172379554_b296050f82_n.jpg,9d28fe37d384974429e51febd82380e2ae17aed72dd59fb3ff938fa519bc4cc6,salt_pepper__medium__median_filter,daisy,salt_pepper,medium,median_filter,always_wrong,tulips,0.4619367718696594,tulips,0.45801815390586853,roses,0.2907032370567322,-0.16731491684913635
data/flower_photos/daisy/102841525_bd6628ae3c.jpg,1adc5dbb8ba26a8d3d915ef8dc285241eb4d6e3e31cb2bbdcd04fc655f879c59,salt_pepper__medium__median_filter,daisy,salt_pepper,medium,median_filter,confidence_increased_still_wrong,sunflowers,0.6287983655929565,sunflowers,0.5050675272941589,sunflowers,0.5430827736854553,0.03801524639129639
data/flower_photos/dandelion/10437652486_aa86c14985.jpg,94273f2a4deee3a4712be2e50b76c5c872d45c6d2a703ff1e7892d35964d4162,salt_pepper__medium__median_filter,dandelion,salt_pepper,medium,median_filter,recovered_by_enhancement,dandelion,0.5186096429824829,sunflowers,0.3143203556537628,dandelion,0.3056616187095642,-0.008658736944198608
data/flower_photos/dandelion/10683189_bd6e371b97.jpg,ba15d73ee9d036cc9df4a5e4b7dc9f7e350c481436f3be3ed980f8431abc3c22,salt_pepper__medium__median_filter,dandelion,salt_pepper,medium,median_filter,always_wrong,tulips,0.3903752863407135,tulips,0.4642007052898407,tulips,0.3276190459728241,-0.1365816593170166
data/flower_photos/roses/10090824183_d02c613f10_m.jpg,6e42dd14083dcddd8d5db6d9893cca3ca3df9a95bd070d111ac3e2a87322ec90,salt_pepper__medium__median_filter,roses,salt_pepper,medium,median_filter,always_wrong,sunflowers,0.4803941547870636,tulips,0.6050820350646973,sunflowers,0.5792229175567627,-0.02585911750793457
data/flower_photos/roses/10894627425_ec76bbc757_n.jpg,25d5b018c0e6d5b9e86bbfac035c20dc9a17ed32d856fd16d376d92c213bf2f8,salt_pepper__medium__median_filter,roses,salt_pepper,medium,median_filter,confidence_increased_still_wrong,dandelion,0.3331272006034851,dandelion,0.3702995777130127,dandelion,0.3846814036369324,0.014381825923919678
data/flower_photos/tulips/10164073235_f29931d91e.jpg,b8b2e5b1105af49e200e73695ec4b57b48fe5846a4f9e353d5ba7386d0acc512,salt_pepper__medium__median_filter,tulips,salt_pepper,medium,median_filter,confidence_increased_still_wrong,daisy,0.29853054881095886,dandelion,0.3474327325820923,dandelion,0.4267117977142334,0.07927906513214111
data/flower_photos/tulips/110147301_ad921e2828.jpg,3bd20b288dd03e4392cf90f1ec82cdb4448315ccc14183accd2abe695f5d04f7,salt_pepper__medium__median_filter,tulips,salt_pepper,medium,median_filter,always_wrong,sunflowers,0.37812116742134094,daisy,0.4763234853744507,sunflowers,0.27695462107658386,-0.19936886429786682
data/flower_photos/daisy/10172379554_b296050f82_n.jpg,9d28fe37d384974429e51febd82380e2ae17aed72dd59fb3ff938fa519bc4cc6,salt_pepper__strong__gaussian_filter,daisy,salt_pepper,strong,gaussian_filter,confidence_increased_still_wrong,tulips,0.4619367718696594,tulips,0.5068721771240234,tulips,0.7430474162101746,0.23617523908615112
data/flower_photos/daisy/102841525_bd6628ae3c.jpg,1adc5dbb8ba26a8d3d915ef8dc285241eb4d6e3e31cb2bbdcd04fc655f879c59,salt_pepper__strong__gaussian_filter,daisy,salt_pepper,strong,gaussian_filter,confidence_increased_still_wrong,sunflowers,0.6287983655929565,sunflowers,0.3222959339618683,dandelion,0.46936365962028503,0.14706772565841675
data/flower_photos/dandelion/10437652486_aa86c14985.jpg,94273f2a4deee3a4712be2e50b76c5c872d45c6d2a703ff1e7892d35964d4162,salt_pepper__strong__gaussian_filter,dandelion,salt_pepper,strong,gaussian_filter,recovered_by_enhancement,dandelion,0.5186096429824829,sunflowers,0.5272770524024963,dandelion,0.38935697078704834,-0.137920081615448
data/flower_photos/roses/10090824183_d02c613f10_m.jpg,6e42dd14083dcddd8d5db6d9893cca3ca3df9a95bd070d111ac3e2a87322ec90,salt_pepper__strong__gaussian_filter,roses,salt_pepper,strong,gaussian_filter,always_wrong,sunflowers,0.4803941547870636,tulips,0.6830010414123535,sunflowers,0.5919936299324036,-0.09100741147994995
data/flower_photos/roses/10894627425_ec76bbc757_n.jpg,25d5b018c0e6d5b9e86bbfac035c20dc9a17ed32d856fd16d376d92c213bf2f8,salt_pepper__strong__gaussian_filter,roses,salt_pepper,strong,gaussian_filter,confidence_increased_still_wrong,dandelion,0.3331272006034851,dandelion,0.37736523151397705,dandelion,0.3885537385940552,0.011188507080078125
data/flower_photos/tulips/110147301_ad921e2828.jpg,3bd20b288dd03e4392cf90f1ec82cdb4448315ccc14183accd2abe695f5d04f7,salt_pepper__strong__gaussian_filter,tulips,salt_pepper,strong,gaussian_filter,confidence_increased_still_wrong,sunflowers,0.37812116742134094,sunflowers,0.36226460337638855,dandelion,0.3714565932750702,0.00919198989868164
data/flower_photos/daisy/10172379554_b296050f82_n.jpg,9d28fe37d384974429e51febd82380e2ae17aed72dd59fb3ff938fa519bc4cc6,salt_pepper__strong__median_filter,daisy,salt_pepper,strong,median_filter,always_wrong,tulips,0.4619367718696594,tulips,0.5068721771240234,dandelion,0.2951968312263489,-0.21167534589767456
data/flower_photos/daisy/102841525_bd6628ae3c.jpg,1adc5dbb8ba26a8d3d915ef8dc285241eb4d6e3e31cb2bbdcd04fc655f879c59,salt_pepper__strong__median_filter,daisy,salt_pepper,strong,median_filter,confidence_increased_still_wrong,sunflowers,0.6287983655929565,sunflowers,0.3222959339618683,sunflowers,0.5402026176452637,0.21790668368339539
data/flower_photos/dandelion/10437652486_aa86c14985.jpg,94273f2a4deee3a4712be2e50b76c5c872d45c6d2a703ff1e7892d35964d4162,salt_pepper__strong__median_filter,dandelion,salt_pepper,strong,median_filter,recovered_by_enhancement,dandelion,0.5186096429824829,sunflowers,0.5272770524024963,dandelion,0.35065704584121704,-0.1766200065612793
data/flower_photos/dandelion/10683189_bd6e371b97.jpg,ba15d73ee9d036cc9df4a5e4b7dc9f7e350c481436f3be3ed980f8431abc3c22,salt_pepper__strong__median_filter,dandelion,salt_pepper,strong,median_filter,always_wrong,tulips,0.3903752863407135,tulips,0.3824274241924286,tulips,0.3486694097518921,-0.0337580144405365
data/flower_photos/roses/10090824183_d02c613f10_m.jpg,6e42dd14083dcddd8d5db6d9893cca3ca3df9a95bd070d111ac3e2a87322ec90,salt_pepper__strong__median_filter,roses,salt_pepper,strong,median_filter,always_wrong,sunflowers,0.4803941547870636,tulips,0.6830010414123535,sunflowers,0.5889254808425903,-0.09407556056976318
data/flower_photos/roses/10894627425_ec76bbc757_n.jpg,25d5b018c0e6d5b9e86bbfac035c20dc9a17ed32d856fd16d376d92c213bf2f8,salt_pepper__strong__median_filter,roses,salt_pepper,strong,median_filter,confidence_increased_still_wrong,dandelion,0.3331272006034851,dandelion,0.37736523151397705,dandelion,0.4085468649864197,0.031181633472442627
data/flower_photos/sunflowers/10386702973_e74a34c806_n.jpg,8fe6056c2366fe078569c42e750b841d9f49f867b3c3aef6b722306d72e30854,salt_pepper__strong__median_filter,sunflowers,salt_pepper,strong,median_filter,always_wrong,tulips,0.3026597797870636,daisy,0.33136796951293945,roses,0.30305391550064087,-0.028314054012298584
data/flower_photos/tulips/10164073235_f29931d91e.jpg,b8b2e5b1105af49e200e73695ec4b57b48fe5846a4f9e353d5ba7386d0acc512,salt_pepper__strong__median_filter,tulips,salt_pepper,strong,median_filter,confidence_increased_still_wrong,daisy,0.29853054881095886,dandelion,0.3199746012687683,dandelion,0.4495714604854584,0.12959685921669006
data/flower_photos/tulips/110147301_ad921e2828.jpg,3bd20b288dd03e4392cf90f1ec82cdb4448315ccc14183accd2abe695f5d04f7,salt_pepper__strong__median_filter,tulips,salt_pepper,strong,median_filter,always_wrong,sunflowers,0.37812116742134094,sunflowers,0.36226460337638855,dandelion,0.31668221950531006,-0.04558238387107849
