label,brightness,contrast,edge_density,width,height,aspect_ratio
daisy,130.75685416666667,43.18324277341792,0.22547743055555555,180,240,0.75
daisy,150.43496006944443,60.205135258152175,0.8167317708333334,228,240,0.95
daisy,153.1835954861111,46.59933619578503,0.2306857638888889,320,213,1.5023474178403755
daisy,148.57056043836803,44.85604857971312,0.5105251736111112,500,333,1.5015015015015014
daisy,114.71275217013888,54.39957896354946,0.5528428819444444,500,333,1.5015015015015014
daisy,86.97939659288194,56.04090965995212,0.5176866319444444,500,333,1.5015015015015014
daisy,129.98110329861112,77.8698462144256,0.4809027777777778,500,229,2.183406113537118
daisy,43.37639312065972,17.461516161063756,0.023763020833333332,500,281,1.7793594306049825
daisy,114.0408327907986,74.23225491248736,0.6351996527777778,500,375,1.3333333333333333
daisy,78.9833142361111,54.81445730821115,0.6222873263888888,192,240,0.8
daisy,106.14911859809028,60.85383111429242,0.2511935763888889,500,375,1.3333333333333333
daisy,73.32232638888888,79.27616938654647,0.4881727430555556,320,240,1.3333333333333333
daisy,82.01672395833333,43.40737211299288,0.3806423611111111,185,240,0.7708333333333334
daisy,83.35979535590279,46.34324364615072,0.1999782986111111,320,213,1.5023474178403755
daisy,120.83069487847222,65.9603524718667,0.5638020833333334,320,240,1.3333333333333333
daisy,14.885915581597223,41.223576928931976,0.193359375,500,333,1.5015015015015014
daisy,95.2470708550347,63.66673258413323,0.5601128472222222,320,215,1.4883720930232558
daisy,140.9573347439236,70.00497317809989,0.4050564236111111,320,254,1.2598425196850394
daisy,131.04899826388888,99.8065550101241,0.2730034722222222,180,240,0.75
daisy,87.60826660156249,61.34206810198561,0.4375,320,213,1.5023474178403755
daisy,67.45161794704862,80.70048617477487,0.3342013888888889,221,240,0.9208333333333332
daisy,129.33351725260414,30.538296129143706,0.1947699652777778,159,240,0.6625
daisy,115.46045160590276,50.11257198183283,0.8178168402777778,320,240,1.3333333333333333
daisy,92.51403873697916,84.39829741900805,0.25,320,213,1.5023474178403755
daisy,63.88325379774306,50.069759792522675,0.6144748263888888,500,319,1.567398119122257
daisy,130.5321742621528,68.835067548583,0.3731553819444444,180,240,0.75
daisy,101.35612033420138,80.8208318071654,0.6321614583333334,500,333,1.5015015015015014
daisy,56.30133311631945,77.70012509621306,0.3040364583333333,320,218,1.4678899082568808
daisy,68.08032302517361,59.772421776524546,0.2802734375,320,213,1.5023474178403755
daisy,180.21845464409722,42.93087728378198,0.2612847222222222,320,240,1.3333333333333333
daisy,44.72250846354167,77.78044692007444,0.2601996527777778,180,240,0.75
daisy,121.77804286024305,70.46839858919375,0.2808159722222222,500,375,1.3333333333333333
daisy,125.4814458550347,72.24463892277201,0.3996310763888889,500,385,1.2987012987012987
daisy,166.0949370659722,70.4873133081293,0.3023003472222222,320,213,1.5023474178403755
daisy,189.51294292534718,45.71541135521971,0.3046875,320,213,1.5023474178403755
daisy,85.5526003689236,81.5820093366649,0.3272569444444444,500,333,1.5015015015015014
daisy,127.05471788194447,74.59510208082445,0.6430121527777778,205,240,0.8541666666666666
daisy,34.110134548611114,51.851868183282264,0.3754340277777778,500,333,1.5015015015015014
daisy,123.71629134114583,67.34333601724292,0.7447916666666666,500,333,1.5015015015015014
daisy,173.65116200086808,73.25881817383569,0.2737630208333333,320,240,1.3333333333333333
daisy,52.703053710937496,45.87398103526569,0.1545138888888889,240,240,1.0
daisy,21.608117621527775,21.468898171933528,0.1371527777777778,240,240,1.0
daisy,126.07134385850694,64.99500455449457,0.3936631944444444,500,281,1.7793594306049825
daisy,136.00204437934028,56.885197549819516,0.3722873263888889,175,240,0.7291666666666666
daisy,150.4165610894097,59.25286053088595,0.8840060763888888,640,255,2.5098039215686274
daisy,74.46576378038195,70.07341348111467,0.6124131944444444,320,240,1.3333333333333333
daisy,156.93850922309028,42.10890364611891,0.3802083333333333,500,375,1.3333333333333333
daisy,147.0999130859375,62.16720452540394,0.3988715277777778,320,212,1.509433962264151
daisy,116.98541406249998,66.23926842003786,0.5033637152777778,500,335,1.492537313432836
daisy,84.79213986545139,54.63474215820403,0.4460720486111111,500,375,1.3333333333333333
daisy,77.86758517795138,99.66360921034176,0.3509114583333333,320,244,1.3114754098360657
daisy,149.87179600694446,67.23291879594314,0.3210720486111111,500,333,1.5015015015015014
daisy,79.17995279947917,74.19990385699727,0.3413628472222222,500,320,1.5625
daisy,117.07638151041667,72.03268889965315,0.3490668402777778,320,240,1.3333333333333333
daisy,80.76265907118055,72.46035391778685,0.4791666666666667,320,248,1.2903225806451613
daisy,66.29976529947918,90.30924156580129,0.3549262152777778,240,180,1.3333333333333333
daisy,100.70569086371526,73.40926845422453,0.8325737847222222,240,240,1.0
daisy,142.66851063368054,81.57279050450816,0.4930555555555556,320,222,1.4414414414414414
daisy,145.2760613064236,89.75951498364874,0.4595269097222222,500,282,1.7730496453900708
daisy,112.39753266059027,75.81443582105754,0.6495225694444444,500,335,1.492537313432836
daisy,109.76604730902778,47.04606898253403,0.7488064236111112,234,240,0.975
daisy,99.1329363064236,54.519805691469514,0.7490234375,500,325,1.5384615384615383
daisy,99.65664876302084,67.67901624321144,0.548828125,320,240,1.3333333333333333
daisy,120.9690224609375,68.85469355919207,0.7521701388888888,320,240,1.3333333333333333
daisy,76.94389246961805,57.14341696627569,0.2736545138888889,320,240,1.3333333333333333
daisy,103.26819498697915,57.87124708056487,0.6027560763888888,500,333,1.5015015015015014
daisy,109.7248984375,68.42620096048796,0.4891493055555556,500,375,1.3333333333333333
daisy,59.18444064670138,60.729662583825586,0.2710503472222222,320,213,1.5023474178403755
daisy,78.61314420572916,56.45381476504463,0.4212239583333333,500,332,1.5060240963855422
daisy,134.92648350694446,53.77067578756492,0.3023003472222222,500,312,1.6025641025641026
daisy,99.42030598958333,66.97251914967505,0.22233072916666666,500,324,1.5432098765432098
daisy,111.46054242621527,49.32202805479824,0.6689453125,500,333,1.5015015015015014
daisy,89.41337630208334,68.24640873184741,0.5824652777777778,187,240,0.7791666666666667
daisy,91.51476030815972,89.75447644503693,0.4574652777777778,230,240,0.9583333333333334
daisy,102.77299045138888,36.319104642876844,0.1810980902777778,320,240,1.3333333333333333
daisy,126.26512630208332,63.66867029702074,0.5270182291666666,320,256,1.25
daisy,89.93566362847223,70.81090145138052,0.4562717013888889,320,213,1.5023474178403755
daisy,104.24065961371528,70.88160366905785,0.4827473958333333,159,240,0.6625
daisy,127.95318153211805,45.401588313768286,0.3053385416666667,240,240,1.0
daisy,60.678862738715274,81.82275795187063,0.2828776041666667,500,363,1.3774104683195592
daisy,166.10650238715277,47.30798643049219,0.22819010416666666,240,240,1.0
daisy,121.20745811631943,59.10883024969982,0.5617404513888888,500,375,1.3333333333333333
daisy,119.57264713541667,69.85971002826241,0.4510633680555556,320,241,1.3278008298755186
daisy,125.10707931857638,34.79229182776815,0.1703559027777778,500,375,1.3333333333333333
daisy,99.66833170572916,73.22851415393481,0.4982638888888889,320,240,1.3333333333333333
daisy,105.9960283203125,63.05398101534963,0.5875651041666666,500,333,1.5015015015015014
daisy,122.97852745225694,60.66216456596158,0.5764973958333334,500,326,1.5337423312883436
daisy,120.6727587890625,81.4486830306852,0.4929470486111111,320,238,1.3445378151260503
daisy,130.4920915798611,65.58058308504417,0.5172526041666666,176,240,0.7333333333333333
daisy,234.9124964192708,35.987700831126524,0.2601996527777778,240,230,1.0434782608695652
dandelion,162.86483897569443,42.097346208131185,0.4465060763888889,320,256,1.25
dandelion,103.20861284722223,41.60080592072677,0.2985026041666667,320,240,1.3333333333333333
dandelion,88.38803634982638,61.12421108660933,0.5670572916666666,320,240,1.3333333333333333
dandelion,101.74196864149305,59.326279751973416,0.2578125,240,240,1.0
dandelion,65.90136751302083,41.61298610008448,0.4594184027777778,500,335,1.492537313432836
dandelion,150.27816764322915,46.56495338692195,0.5635850694444444,500,333,1.5015015015015014
dandelion,54.264322265625,55.49945435686372,0.3003472222222222,500,333,1.5015015015015014
dandelion,67.96243467881943,65.4904179170473,0.4525824652777778,320,240,1.3333333333333333
dandelion,120.34171126302083,42.63654571116165,0.6860894097222222,320,273,1.1721611721611722
dandelion,118.08930121527777,63.5651677041619,0.5068359375,500,282,1.7730496453900708
dandelion,132.92874359809028,38.28625922369371,0.5830078125,500,400,1.25
dandelion,62.42886957465277,63.23486677342478,0.1976996527777778,500,333,1.5015015015015014
dandelion,151.64976616753472,62.256336465388785,0.4233940972222222,240,240,1.0
dandelion,98.72193500434028,41.38628854770781,0.3493923611111111,500,333,1.5015015015015014
dandelion,136.67588498263888,19.981443424361824,0.04904513888888889,500,334,1.497005988023952
dandelion,161.98951291232638,45.25970012042651,0.3324652777777778,217,240,0.9041666666666668
dandelion,73.31854644097221,60.76876287897199,0.3765190972222222,320,240,1.3333333333333333
dandelion,90.16249717881945,60.33849418599945,0.3700086805555556,320,240,1.3333333333333333
dandelion,116.49513509114584,43.7800613758999,0.6397569444444444,500,412,1.2135922330097086
dandelion,81.71220865885417,44.06789199060505,0.5703125,320,212,1.509433962264151
dandelion,144.66306987847221,45.16692893003957,0.5724826388888888,320,240,1.3333333333333333
dandelion,83.81046896701388,28.090455788462222,0.13096788194444445,320,213,1.5023474178403755
dandelion,128.35124544270832,55.882985890488584,0.3842230902777778,500,375,1.3333333333333333
dandelion,47.90981217447917,56.97890272936649,0.23990885416666666,500,333,1.5015015015015014
dandelion,75.63997276475693,56.5280881153195,0.2687717013888889,320,213,1.5023474178403755
dandelion,114.48067209201388,63.558822546032495,0.4782986111111111,500,333,1.5015015015015014
dandelion,84.41492979600694,51.09027503472524,0.248046875,500,375,1.3333333333333333
dandelion,24.342664930555557,50.6471015114316,0.1421440972222222,240,240,1.0
dandelion,151.18840223524305,40.41078285797267,0.1162109375,500,331,1.5105740181268883
dandelion,81.99563411458332,60.478289706512825,0.4299045138888889,320,240,1.3333333333333333
dandelion,175.162458984375,54.429587263944605,0.3205295138888889,500,333,1.5015015015015014
dandelion,44.96678927951389,48.74581676841175,0.4781901041666667,320,221,1.4479638009049771
dandelion,137.6020597873264,83.46780260206079,0.1361762152777778,240,240,1.0
dandelion,116.70571365017359,43.540880807221576,0.3575303819444444,172,240,0.7166666666666667
dandelion,51.872829861111114,41.73225951234578,0.1560329861111111,240,240,1.0
dandelion,87.91539854600694,33.93807937644443,0.1693793402777778,500,332,1.5060240963855422
dandelion,188.1639751519097,67.69112717297796,0.3436414930555556,180,240,0.75
dandelion,101.12709375,49.30109893176045,0.2717013888888889,320,240,1.3333333333333333
dandelion,98.64430685763888,66.83448211912744,0.5853949652777778,320,213,1.5023474178403755
dandelion,106.44596354166667,66.03588063659073,0.8400607638888888,320,213,1.5023474178403755
dandelion,117.63422612847222,58.35662550148386,0.5843098958333334,320,240,1.3333333333333333
dandelion,115.73337912326389,67.16377159560136,0.6731770833333334,320,240,1.3333333333333333
dandelion,88.1782966579861,90.7582957967994,0.435546875,320,282,1.1347517730496457
dandelion,205.31148155381945,34.66482004732615,0.3754340277777778,320,213,1.5023474178403755
dandelion,119.23054405381943,46.58464883959137,0.3120659722222222,240,240,1.0
dandelion,94.31638747829861,76.0235077959612,0.1525607638888889,500,295,1.694915254237288
dandelion,144.15225564236113,59.1394041117832,0.2840711805555556,500,333,1.5015015015015014
dandelion,78.93318001302083,50.68978395441325,0.21419270833333334,180,240,0.75
dandelion,62.161162977430564,43.893772400595196,0.3295355902777778,320,234,1.3675213675213675
dandelion,113.6114326171875,20.885550143225174,0.0847439236111111,320,240,1.3333333333333333
dandelion,99.76261219618056,49.1345836749647,0.5999348958333334,320,213,1.5023474178403755
dandelion,133.94825477430555,56.65147992870433,0.3296440972222222,320,240,1.3333333333333333
dandelion,121.37282986111111,92.5190148885634,0.6295572916666666,500,333,1.5015015015015014
dandelion,99.37433550347221,41.99125705175971,0.5311414930555556,320,240,1.3333333333333333
dandelion,108.63036827256944,45.493617512364715,0.5762803819444444,320,213,1.5023474178403755
dandelion,123.37997591145833,49.13449882039554,0.7811414930555556,500,267,1.8726591760299625
dandelion,81.43265690104165,41.666210632235014,0.2757161458333333,320,213,1.5023474178403755
dandelion,111.46211870659721,69.94501070805624,0.2860243055555556,320,240,1.3333333333333333
dandelion,107.09502897135417,49.80366793089873,0.4041883680555556,320,213,1.5023474178403755
dandelion,127.11930381944444,62.89406478259371,0.4388020833333333,180,240,0.75
dandelion,83.2557068142361,84.2783215352734,0.2156032986111111,500,334,1.497005988023952
dandelion,93.07890104166667,75.11899680637774,0.4026692708333333,500,286,1.7482517482517483
dandelion,141.43771701388889,37.30964453986063,0.5903862847222222,500,332,1.5060240963855422
dandelion,97.23952582465277,62.037139292130476,0.5494791666666666,320,240,1.3333333333333333
dandelion,119.68165755208332,60.6549733100955,0.4612630208333333,320,240,1.3333333333333333
dandelion,183.40180110677085,41.09370728217365,0.2725694444444444,159,240,0.6625
dandelion,122.41371082899306,55.967213188818434,0.5577256944444444,240,217,1.1059907834101383
dandelion,159.2435871310764,68.15495487813604,0.6216362847222222,159,240,0.6625
dandelion,98.98179264322918,46.3745820263677,0.5681423611111112,500,375,1.3333333333333333
dandelion,90.25796755642361,33.71443602542553,0.3663194444444444,500,332,1.5060240963855422
dandelion,61.88800651041666,49.28024938203495,0.4136284722222222,207,240,0.8625
dandelion,70.67620355902778,53.28985565320376,0.6906467013888888,500,375,1.3333333333333333
dandelion,87.43978190104166,44.74879084862056,0.4213324652777778,320,213,1.5023474178403755
dandelion,103.40435687934026,66.05729653574257,0.4825303819444444,320,240,1.3333333333333333
dandelion,141.5886452907986,46.72582681169701,0.3634982638888889,500,332,1.5060240963855422
dandelion,90.2199970703125,35.11616681906097,0.22547743055555555,240,240,1.0
dandelion,106.6911824001736,48.442122592824305,0.3363715277777778,240,240,1.0
dandelion,94.74094618055555,45.36380723645267,0.5797526041666666,500,333,1.5015015015015014
dandelion,155.68976150173611,43.727986253834224,0.17078993055555555,320,239,1.338912133891213
dandelion,155.38373394097223,49.28383759121872,0.13997395833333334,240,240,1.0
dandelion,112.78169932725694,48.756884516049155,0.2646484375,500,333,1.5015015015015014
dandelion,166.7937849392361,43.34508632421363,0.4724392361111111,500,332,1.5060240963855422
dandelion,118.64146733940973,70.0070969864536,0.4491102430555556,500,333,1.5015015015015014
dandelion,116.74075553385416,52.40075469640118,0.2541232638888889,500,333,1.5015015015015014
dandelion,89.57552734375,60.27543274926913,0.09364149305555555,320,213,1.5023474178403755
dandelion,105.57999696180553,71.9747014358257,0.4244791666666667,240,240,1.0
dandelion,107.58064876302085,60.475156243351485,0.5759548611111112,320,225,1.4222222222222225
dandelion,109.26914854600695,31.944226486593536,0.2607421875,240,240,1.0
dandelion,59.5318601345486,58.34492252578632,0.3537326388888889,159,240,0.6625
dandelion,64.58277072482639,54.82036116901089,0.2124565972222222,500,333,1.5015015015015014
roses,82.33485774739583,71.57264084441809,0.4141710069444444,320,251,1.2749003984063745
roses,149.91304991319444,49.235422023145134,0.5081380208333334,240,219,1.095890410958904
roses,78.33001942274306,59.18240681896223,0.4850260416666667,500,333,1.5015015015015014
roses,82.5741611328125,41.23424200311921,0.7960069444444444,500,333,1.5015015015015014
roses,65.26318804253472,84.45288380984492,0.3480902777777778,240,215,1.1162790697674418
roses,123.26043446180554,42.78380273935323,0.7491319444444444,240,240,1.0
roses,101.13162348090276,56.55109897464765,0.8204210069444444,320,240,1.3333333333333333
roses,39.13922178819444,27.569783354165146,0.3333333333333333,500,375,1.3333333333333333
roses,110.41015907118054,46.66654486782468,0.6273871527777778,500,328,1.524390243902439
roses,111.94512185329862,61.913556100791105,0.7472873263888888,240,239,1.00418410041841
roses,26.35832052951389,55.922092851432524,0.19010416666666666,320,240,1.3333333333333333
roses,78.94420909288195,53.710964778346685,0.2581380208333333,500,333,1.5015015015015014
roses,121.61474490017362,71.72137818834187,0.6628689236111112,320,228,1.4035087719298245
roses,174.0622570529514,76.1076346323293,0.2893880208333333,500,334,1.497005988023952
roses,125.55514583333333,48.965525149126854,0.5075954861111112,500,333,1.5015015015015014
roses,81.04092719184027,42.433920119530974,0.7342664930555556,320,213,1.5023474178403755
roses,119.25131087239583,51.04809620725999,0.4153645833333333,240,240,1.0
roses,120.84978461371526,61.2149160648954,0.7446831597222222,180,240,0.75
roses,122.36867871093747,56.659208423586925,0.5094401041666666,500,375,1.3333333333333333
roses,180.4590027126736,30.260019326728194,0.17513020833333334,500,331,1.5105740181268883
roses,112.28390440538195,66.71592395098288,0.6128472222222222,320,213,1.5023474178403755
roses,41.94242415364583,54.7161053567991,0.2713758680555556,500,334,1.497005988023952
roses,82.13585796440971,49.95222510031733,0.4779730902777778,320,240,1.3333333333333333
roses,103.7327820095486,72.74734987299503,0.2815755208333333,320,223,1.4349775784753362
roses,101.64623665364583,60.880711679925135,0.5940755208333334,159,240,0.6625
roses,155.74876171875,55.64791395942202,0.6817491319444444,320,240,1.3333333333333333
roses,110.16121766493055,50.97403253723968,0.4481336805555556,500,333,1.5015015015015014
roses,60.283173828125,33.42212777419464,0.5213758680555556,500,333,1.5015015015015014
roses,121.27647667100695,82.30694437580642,0.5636935763888888,320,228,1.4035087719298245
roses,171.95600358072917,22.76212311063678,0.05262586805555555,320,240,1.3333333333333333
roses,28.334926974826388,46.47180499438771,0.18587239583333334,500,313,1.597444089456869
roses,151.52524696180555,41.20000471784469,0.2253689236111111,500,333,1.5015015015015014
roses,148.44466547309028,43.824030899435776,0.4676649305555556,320,263,1.2167300380228137
roses,136.88441634114582,54.165834593822964,0.8631727430555556,224,240,0.9333333333333332
roses,136.24601963975692,66.11815235338129,0.4012586805555556,320,240,1.3333333333333333
roses,117.81417404513887,44.81330638024482,0.3241102430555556,500,375,1.3333333333333333
roses,169.98976161024308,51.834587848251864,0.5913628472222222,164,240,0.6833333333333333
roses,106.47332573784722,39.52261869732899,0.4123263888888889,320,245,1.3061224489795915
roses,62.62465364583334,46.69634475317694,0.6845703125,500,333,1.5015015015015014
roses,95.40081336805555,64.73289474670575,0.6299913194444444,500,333,1.5015015015015014
roses,109.66479622395833,58.96391516266938,0.3731553819444444,159,240,0.6625
roses,112.75110677083333,42.938504231090775,0.5596788194444444,320,240,1.3333333333333333
roses,93.02422482638889,39.98661883328388,0.3732638888888889,500,333,1.5015015015015014
roses,87.64266992187498,62.855010922809825,0.4480251736111111,163,240,0.6791666666666667
roses,82.96032671440973,55.4353127381123,0.3842230902777778,320,262,1.2213740458015268
roses,73.20014029947917,46.57284769997362,0.4135199652777778,224,240,0.9333333333333332
roses,84.7948581814236,64.4743566142339,0.6725260416666666,500,264,1.893939393939394
roses,71.60696397569444,46.883539828723805,0.3754340277777778,500,345,1.4492753623188406
roses,70.27524999999999,35.83357845838821,0.5579427083333334,320,240,1.3333333333333333
roses,128.1723943142361,70.17290101609183,0.6810980902777778,500,335,1.492537313432836
roses,171.4251048177083,35.795245924109004,0.248046875,320,256,1.25
roses,78.5240134548611,77.54456765093471,0.3528645833333333,320,213,1.5023474178403755
roses,111.70689756944445,48.17042994966204,0.5837673611111112,500,375,1.3333333333333333
roses,183.9667111545139,69.29414456782023,0.4226345486111111,500,284,1.7605633802816902
roses,94.59637402343749,29.851283906591583,0.4096137152777778,320,232,1.3793103448275863
roses,89.1495310329861,60.4531716771426,0.5989583333333334,500,333,1.5015015015015014
roses,141.14635340711806,52.373772869754426,0.6687282986111112,500,375,1.3333333333333333
roses,229.51595334201386,17.145112469335036,0.10069444444444445,320,213,1.5023474178403755
roses,25.735885199652778,34.47257580583239,0.20225694444444445,500,331,1.5105740181268883
roses,77.01593511284722,41.99607714521602,0.4466145833333333,320,240,1.3333333333333333
roses,93.13818131510416,48.14967831869037,0.4568142361111111,500,332,1.5060240963855422
roses,108.99450271267362,54.39493170273392,0.4722222222222222,320,213,1.5023474178403755
roses,114.76514680989582,65.158446396382,0.5911458333333334,500,332,1.5060240963855422
roses,104.6218235677083,39.88370039068409,0.3897569444444444,320,240,1.3333333333333333
roses,77.22629600694444,64.11147364938103,0.4676649305555556,500,375,1.3333333333333333
roses,102.46316319444445,63.65138435686545,0.4733072916666667,500,329,1.5197568389057752
roses,104.46571158854165,73.09672524877708,0.4458550347222222,500,333,1.5015015015015014
roses,105.26777484809028,65.77403057305749,0.5592447916666666,500,333,1.5015015015015014
roses,111.11143370225695,69.69509380130272,0.7209201388888888,320,240,1.3333333333333333
roses,63.08527734374999,54.02645759860409,0.7339409722222222,320,244,1.3114754098360657
roses,68.51655447048611,85.85787105781614,0.3260633680555556,320,241,1.3278008298755186
roses,28.491652777777777,42.88955996905644,0.3011067708333333,320,231,1.3852813852813852
roses,107.79203179253471,52.441491880470835,0.7338324652777778,500,392,1.2755102040816326
roses,119.35139095052084,69.36613756364815,0.5412326388888888,320,267,1.198501872659176
roses,46.54923838975694,64.05085805670404,0.4122178819444444,320,240,1.3333333333333333
roses,65.48832139756944,70.75646394632437,0.5192057291666666,320,256,1.25
roses,35.22920768229167,30.90761256078729,0.1361762152777778,320,240,1.3333333333333333
roses,140.91601128472223,56.65037912112074,0.3640407986111111,320,229,1.3973799126637554
roses,103.65304492187501,36.53228686443392,0.4683159722222222,320,240,1.3333333333333333
roses,107.81656087239583,58.0234506923446,0.5677083333333334,180,240,0.75
roses,120.44904676649305,73.58094101861559,0.7014973958333334,240,240,1.0
roses,109.5534541015625,63.034783632602434,0.5258246527777778,500,334,1.497005988023952
roses,125.9606812065972,71.04197027112956,0.333984375,320,231,1.3852813852813852
roses,78.46417361111111,45.227691026089936,0.3646918402777778,500,375,1.3333333333333333
roses,84.73307638888889,56.76295665769206,0.5399305555555556,500,333,1.5015015015015014
roses,76.33354611545138,67.32219184030293,0.2776692708333333,500,333,1.5015015015015014
roses,149.37565907118056,59.552316634080356,0.2472873263888889,240,226,1.0619469026548674
roses,112.17647352430555,49.15567896203992,0.658203125,500,313,1.597444089456869
roses,137.23368023003474,56.44370253556988,0.6561414930555556,500,375,1.3333333333333333
roses,82.52069346788193,61.1932110819641,0.4320746527777778,500,325,1.5384615384615383
sunflowers,135.2005857204861,52.495707690787704,0.5577256944444444,500,291,1.718213058419244
sunflowers,139.25875651041667,64.44078428439808,0.5078125,500,334,1.497005988023952
sunflowers,124.89942881944444,33.037320174969665,0.6222873263888888,320,240,1.3333333333333333
sunflowers,104.6300300564236,57.91140135771423,0.4851345486111111,320,240,1.3333333333333333
sunflowers,116.76913216145833,49.32845452982818,0.7220052083333334,320,240,1.3333333333333333
sunflowers,96.33575737847224,57.62146996273708,0.4637586805555556,500,331,1.5105740181268883
sunflowers,116.3715476345486,46.16915395921607,0.4574652777777778,202,240,0.8416666666666667
sunflowers,99.78184320746527,46.955680762541874,0.5554470486111112,176,240,0.7333333333333333
sunflowers,126.16456694878472,47.72155785165568,0.6344401041666666,166,240,0.6916666666666667
sunflowers,116.68156184895832,53.85901669530628,0.3292100694444444,180,240,0.75
sunflowers,123.55793977864583,57.115173479383145,0.5838758680555556,214,240,0.8916666666666667
sunflowers,126.21916124131945,72.67061695564907,0.5441623263888888,320,220,1.4545454545454546
sunflowers,98.0279597439236,39.82247986388264,0.5602213541666666,320,238,1.3445378151260503
sunflowers,108.6277568359375,52.51961305340006,0.6973741319444444,180,240,0.75
sunflowers,131.14007248263886,77.51615822608653,0.5515407986111112,320,212,1.509433962264151
sunflowers,124.92837228732638,63.241013719032864,0.5167100694444444,320,240,1.3333333333333333
sunflowers,78.82748187934027,66.61485195812153,0.4922960069444444,500,235,2.127659574468085
sunflowers,118.54232421874998,50.69355289704439,0.7913411458333334,320,213,1.5023474178403755
sunflowers,133.32254578993056,39.20566435537469,0.5698784722222222,320,213,1.5023474178403755
sunflowers,82.91189040798609,67.70205248908917,0.5589192708333334,240,240,1.0
sunflowers,151.52969878472223,65.95520719914923,0.4618055555555556,180,240,0.75
sunflowers,159.62926909722222,75.59284479208942,0.46484375,500,348,1.4367816091954022
sunflowers,97.63833203125,52.34612836618006,0.5991753472222222,320,282,1.1347517730496457
sunflowers,86.63219346788193,49.93432974406857,0.5083550347222222,240,219,1.095890410958904
sunflowers,109.96521473524305,52.83806281011045,0.4926215277777778,500,333,1.5015015015015014
sunflowers,103.51262749565973,50.55999415254003,0.5736762152777778,159,240,0.6625
sunflowers,140.49201019965278,68.1588245318784,0.5794270833333334,320,240,1.3333333333333333
sunflowers,117.46807063802083,52.68443837936463,0.5533854166666666,500,333,1.5015015015015014
sunflowers,107.09306976996527,36.1310234764645,0.4802517361111111,320,238,1.3445378151260503
sunflowers,112.81241655815971,71.06852149754327,0.5935329861111112,179,240,0.7458333333333333
sunflowers,127.99398947482638,35.368430450561966,0.6229383680555556,320,200,1.6
sunflowers,156.05877430555554,56.81716188841652,0.4173177083333333,320,213,1.5023474178403755
sunflowers,116.85215842013888,40.70459877457274,0.5355902777777778,320,240,1.3333333333333333
sunflowers,106.7616372612847,35.63696081881163,0.205078125,500,332,1.5060240963855422
sunflowers,141.84793446180552,44.791184884100346,0.5213758680555556,320,240,1.3333333333333333
sunflowers,107.31093478732639,79.43956369492413,0.5101996527777778,500,291,1.718213058419244
sunflowers,109.15634982638889,62.257015492294755,0.6439887152777778,320,240,1.3333333333333333
sunflowers,151.52477962239584,57.12088503382128,0.3825954861111111,180,240,0.75
sunflowers,105.80582269965277,53.72452559200875,0.4076605902777778,320,240,1.3333333333333333
sunflowers,177.49313064236108,38.309657908476936,0.3310546875,500,333,1.5015015015015014
sunflowers,153.79443956163198,41.44488260820394,0.6151258680555556,320,200,1.6
sunflowers,69.3921396484375,41.921495329928135,0.3662109375,320,252,1.2698412698412698
sunflowers,78.103337890625,58.44827361102411,0.1999782986111111,500,375,1.3333333333333333
sunflowers,108.3212681206597,35.36913293566455,0.4012586805555556,180,240,0.75
sunflowers,106.06090494791665,46.89642966963452,0.6875,500,333,1.5015015015015014
sunflowers,117.79352463107638,60.37875148452397,0.5899522569444444,500,333,1.5015015015015014
sunflowers,106.83235101996527,47.888518813269286,0.5578342013888888,320,247,1.2955465587044537
sunflowers,127.15014463975695,68.26068572450359,0.4946831597222222,500,375,1.3333333333333333
sunflowers,143.796416015625,33.03041431211365,0.3315972222222222,320,243,1.316872427983539
sunflowers,132.2509445529514,47.58966122024157,0.5319010416666666,500,332,1.5060240963855422
sunflowers,132.73108094618055,69.78968861265562,0.490234375,320,240,1.3333333333333333
sunflowers,145.7579148220486,36.8353764811174,0.3514539930555556,240,228,1.0526315789473684
sunflowers,131.55171256510414,68.69268275007863,0.3705512152777778,159,240,0.6625
sunflowers,116.07374229600697,32.06982778790718,0.23719618055555555,320,213,1.5023474178403755
sunflowers,78.56368218315973,38.47175166959699,0.4441189236111111,320,213,1.5023474178403755
sunflowers,129.49450998263887,67.14838575039299,0.6312934027777778,500,333,1.5015015015015014
sunflowers,150.5196355251736,66.87899582354174,0.5655381944444444,320,236,1.3559322033898304
sunflowers,116.46076844618054,47.95591174817703,0.6838107638888888,195,240,0.8125
sunflowers,55.063660481770825,30.353385167853578,0.3273654513888889,500,333,1.5015015015015014
sunflowers,84.23509613715277,54.620747145719264,0.7000868055555556,240,217,1.1059907834101383
sunflowers,120.21844270833331,40.878882756454935,0.4444444444444444,320,229,1.3973799126637554
sunflowers,157.78201963975695,73.68545417156774,0.5951605902777778,320,224,1.4285714285714286
sunflowers,121.36957237413192,63.043138947583635,0.4654947916666667,320,240,1.3333333333333333
sunflowers,135.98410883246527,37.7424845535526,0.3170572916666667,320,218,1.4678899082568808
sunflowers,129.8921394314236,58.02752558184685,0.5079210069444444,320,252,1.2698412698412698
sunflowers,132.59188682725693,46.04241056475416,0.5789930555555556,180,240,0.75
sunflowers,96.94744856770834,54.09932139190499,0.5855034722222222,500,331,1.5105740181268883
sunflowers,117.44788151041666,60.301953366675065,0.7754991319444444,209,240,0.8708333333333333
sunflowers,98.00907573784723,50.81228495323705,0.5244140625,320,200,1.6
sunflowers,99.51060774739582,45.2827788446556,0.3633897569444444,500,266,1.8796992481203008
sunflowers,93.07098773871527,66.28976508588714,0.4982638888888889,500,335,1.492537313432836
sunflowers,122.74094769965278,43.719598568931474,0.6609157986111112,320,240,1.3333333333333333
sunflowers,110.32835590277777,60.23806265767034,0.4901258680555556,229,240,0.9541666666666668
sunflowers,115.9639015842014,48.407281156685436,0.3978949652777778,320,200,1.6
sunflowers,101.32516634114582,57.075031513763456,0.6950954861111112,240,240,1.0
sunflowers,116.4184357638889,59.72008670014892,0.7194010416666666,207,240,0.8625
sunflowers,5.7337628038194435,23.094144328790886,0.08843315972222222,500,332,1.5060240963855422
sunflowers,79.01054318576388,55.78731289801037,0.5706380208333334,168,240,0.7
sunflowers,122.88143446180554,56.547421775466645,0.6104600694444444,320,252,1.2698412698412698
sunflowers,76.77765180121527,37.87211646704938,0.2976345486111111,320,213,1.5023474178403755
sunflowers,133.79065657552084,65.82943002304081,0.6325954861111112,500,333,1.5015015015015014
sunflowers,100.5176794704861,42.077164841689466,0.3515625,500,334,1.497005988023952
sunflowers,98.26763118489583,49.45273845418023,0.7083333333333334,500,318,1.572327044025157
sunflowers,146.18051041666664,73.54102212458713,0.5116102430555556,159,240,0.6625
sunflowers,138.55779774305554,41.93034070078565,0.2510850694444444,320,228,1.4035087719298245
sunflowers,143.25141059027777,57.74377280874133,0.4249131944444444,159,240,0.6625
sunflowers,88.4854052734375,33.26050249363421,0.3764105902777778,320,243,1.316872427983539
sunflowers,112.56030349392361,42.31981422250935,0.5554470486111112,320,213,1.5023474178403755
sunflowers,138.52748318142363,39.29421049284777,0.283203125,500,332,1.5060240963855422
sunflowers,105.90754513888888,53.59000314342647,0.6905381944444444,180,240,0.75
tulips,97.39238823784723,58.02806967876258,0.4988064236111111,240,240,1.0
tulips,132.64380338541665,48.05613076182143,0.7077907986111112,320,213,1.5023474178403755
tulips,100.88915516493054,31.645754858746432,0.5047743055555556,500,333,1.5015015015015014
tulips,117.13814073350694,50.8833594034537,0.4802517361111111,500,376,1.3297872340425532
tulips,108.32372873263888,43.69203279454504,0.2723524305555556,240,240,1.0
tulips,84.44548057725694,55.02197976446135,0.7284071180555556,500,333,1.5015015015015014
tulips,73.33216059027778,57.83605295565,0.6127387152777778,500,394,1.269035532994924
tulips,95.92429296875,45.81597209014316,0.4731987847222222,320,240,1.3333333333333333
tulips,83.4208662109375,34.33935384013494,0.5341796875,500,333,1.5015015015015014
tulips,102.86148448350694,65.2988447744689,0.7371961805555556,240,240,1.0
tulips,90.82015245225695,44.22836837179561,0.7444661458333334,320,213,1.5023474178403755
tulips,88.11757834201389,39.623530444793076,0.24544270833333334,500,333,1.5015015015015014
tulips,87.3500021701389,51.83009691436166,0.2634548611111111,320,213,1.5023474178403755
tulips,139.96237196180556,47.86229789814084,0.14680989583333334,500,333,1.5015015015015014
tulips,123.77628114149304,68.04015120048156,0.3732638888888889,320,240,1.3333333333333333
tulips,157.11366840277776,68.54690345257545,0.5081380208333334,320,213,1.5023474178403755
tulips,86.22467838541667,47.4876768495507,0.3936631944444444,320,240,1.3333333333333333
tulips,75.58156043836806,35.519835185292095,0.5757378472222222,320,240,1.3333333333333333
tulips,57.292018771701386,64.87929369661637,0.3751085069444444,240,230,1.0434782608695652
tulips,97.06466341145833,55.55462251174137,0.6700303819444444,500,407,1.2285012285012284
tulips,96.9354548611111,52.41431906184539,0.7820095486111112,500,333,1.5015015015015014
tulips,111.75056705729168,18.667525244265406,0.10243055555555555,500,332,1.5060240963855422
tulips,96.69624023437501,35.567005176611175,0.4367404513888889,214,240,0.8916666666666667
tulips,82.21078407118054,61.27577458879349,0.5911458333333334,500,331,1.5105740181268883
tulips,128.50053971354166,31.611886994201143,0.1701388888888889,320,213,1.5023474178403755
tulips,119.89017317708334,54.060567895833366,0.7649739583333334,320,240,1.3333333333333333
tulips,46.44353266059027,59.48121114101032,0.3725043402777778,500,333,1.5015015015015014
tulips,157.39828016493053,43.45759278596953,0.4041883680555556,320,266,1.2030075187969924
tulips,90.41807595486111,47.5703008349569,0.6142578125,500,333,1.5015015015015014
tulips,110.8955290798611,49.481942778189016,0.751953125,320,240,1.3333333333333333
tulips,185.59635394965278,43.21344668108235,0.41796875,145,240,0.6041666666666666
tulips,90.57049273003473,59.6964448173571,0.6515842013888888,320,240,1.3333333333333333
tulips,127.5140593532986,50.4813933660685,0.7979600694444444,500,332,1.5060240963855422
tulips,40.236169704861105,44.533053009886444,0.3693576388888889,500,332,1.5060240963855422
tulips,13.693764756944445,37.30851850393038,0.16200086805555555,240,240,1.0
tulips,129.77629014756945,81.52579886629883,0.3221571180555556,320,240,1.3333333333333333
tulips,103.40456597222222,35.96969287133592,0.6085069444444444,500,333,1.5015015015015014
tulips,89.71060394965279,53.06718696186579,0.4291449652777778,320,239,1.338912133891213
tulips,129.41600108506944,49.145022854105086,0.3257378472222222,320,213,1.5023474178403755
tulips,92.99291612413195,44.04485129733161,0.6400824652777778,320,213,1.5023474178403755
tulips,78.67099696180556,67.40884744646313,0.6902126736111112,180,240,0.75
tulips,70.20673969184027,31.251822314003068,0.4421657986111111,240,159,1.509433962264151
tulips,134.4466585286458,85.91945712153245,0.5968967013888888,500,333,1.5015015015015014
tulips,126.50154123263889,50.300912695177985,0.4639756944444444,500,332,1.5060240963855422
tulips,106.67337879774306,42.86667900299147,0.8253038194444444,320,234,1.3675213675213675
tulips,106.14989832899306,55.10504567856301,0.5789930555555556,500,333,1.5015015015015014
tulips,104.11788650173611,41.362188560889514,0.5504557291666666,180,240,0.75
tulips,54.01942816840277,27.913727767799067,0.17957899305555555,500,333,1.5015015015015014
tulips,102.32915418836804,52.328710423324324,0.1382378472222222,171,240,0.7125
tulips,45.20765538194444,51.3318476745448,0.3771701388888889,320,235,1.3617021276595744
tulips,120.72790549045138,49.12745330127984,0.5737847222222222,320,240,1.3333333333333333
tulips,62.26308116319444,36.25557163298033,0.4725477430555556,500,333,1.5015015015015014
tulips,78.96868782552082,44.98929561512594,0.5115017361111112,500,301,1.6611295681063123
tulips,88.0908017578125,35.00427094709799,0.10069444444444445,320,240,1.3333333333333333
tulips,75.27287424045137,50.51381047449215,0.6057942708333334,320,212,1.509433962264151
tulips,86.30913519965276,57.11636040557703,0.4006076388888889,234,240,0.975
tulips,128.7006516927083,43.42637976788245,0.5172526041666666,320,240,1.3333333333333333
tulips,106.02788541666666,41.51733332483281,0.5630425347222222,320,240,1.3333333333333333
tulips,114.46969943576389,53.35048827670858,0.8717447916666666,500,375,1.3333333333333333
tulips,60.45908875868055,54.33239367129584,0.4965277777777778,500,333,1.5015015015015014
tulips,102.25947884114582,48.36520153438394,0.4569227430555556,192,240,0.8
tulips,114.26248730468751,38.2026613888657,0.7398003472222222,320,212,1.509433962264151
tulips,86.1511286892361,46.00487629950581,0.7633463541666666,320,218,1.4678899082568808
tulips,93.71988389756945,55.817030171706655,0.5284288194444444,320,211,1.5165876777251184
tulips,68.51435937499998,22.7709656178915,0.3077256944444444,500,333,1.5015015015015014
tulips,92.97209320746528,52.99058441312314,0.7748480902777778,320,240,1.3333333333333333
tulips,121.12717491319444,48.13595767532123,0.5414496527777778,320,240,1.3333333333333333
tulips,95.60575195312501,51.44895730695596,0.4102647569444444,320,211,1.5165876777251184
tulips,185.6870031467014,74.23688385711783,0.4466145833333333,320,211,1.5165876777251184
tulips,122.71858062065972,65.57214446940586,0.5615234375,320,240,1.3333333333333333
tulips,124.11811002604165,23.367282702331305,0.0773654513888889,500,333,1.5015015015015014
tulips,96.56478298611111,62.05922971381874,0.4499782986111111,500,333,1.5015015015015014
tulips,102.62111675347221,53.674135645117516,0.6157769097222222,320,213,1.5023474178403755
tulips,106.87156781684027,48.03182633705901,0.8479817708333334,320,240,1.3333333333333333
tulips,116.76611577690973,52.88324186467152,0.7013888888888888,320,240,1.3333333333333333
tulips,129.20010753038196,45.67654910388657,0.2664930555555556,500,375,1.3333333333333333
tulips,107.81845920138888,60.629908657325586,0.5525173611111112,320,240,1.3333333333333333
tulips,99.71915863715277,65.19764023598006,0.4048394097222222,320,240,1.3333333333333333
tulips,88.54378515625,45.48188429021373,0.5534939236111112,320,213,1.5023474178403755
tulips,91.78929926215277,42.30376673267825,0.3781467013888889,500,333,1.5015015015015014
tulips,105.72812782118055,50.299560037019106,0.5402560763888888,500,316,1.5822784810126582
tulips,82.80694672309028,48.46020830738094,0.4587673611111111,159,240,0.6625
tulips,137.60471495225693,36.82229734709647,0.4122178819444444,320,213,1.5023474178403755
tulips,80.41981174045138,49.28827202597673,0.6142578125,180,240,0.75
tulips,141.05951681857638,73.96224342136144,0.2922092013888889,159,240,0.6625
tulips,78.42415147569444,49.58721064553718,0.24251302083333334,500,333,1.5015015015015014
tulips,142.53073253038193,71.9384387007425,0.4203559027777778,500,331,1.5105740181268883
tulips,125.59998893229165,40.67113838514622,0.3419053819444444,240,240,1.0
tulips,67.17126822916666,58.76451033007452,0.2017144097222222,500,333,1.5015015015015014
tulips,95.2887687717014,63.590085130234485,0.2924262152777778,320,213,1.5023474178403755
