condition_id,recovered,harmed,both_wrong,both_correct
low_light__light__gamma_correction,5,12,43,490
low_light__light__clahe,5,10,43,492
low_light__medium__gamma_correction,20,17,42,471
low_light__medium__clahe,7,9,55,479
low_light__strong__gamma_correction,50,22,39,439
low_light__strong__clahe,18,9,71,452
gaussian_noise__light__gaussian_filter,23,15,44,468
gaussian_noise__light__bilateral_filter,27,13,40,470
gaussian_noise__medium__gaussian_filter,40,21,77,412
gaussian_noise__medium__bilateral_filter,42,24,75,409
gaussian_noise__strong__gaussian_filter,116,49,110,275
gaussian_noise__strong__bilateral_filter,99,45,127,279
salt_pepper__light__median_filter,40,18,38,454
salt_pepper__light__gaussian_filter,24,20,54,452
salt_pepper__medium__median_filter,86,17,40,407
salt_pepper__medium__gaussian_filter,49,28,77,396
salt_pepper__strong__median_filter,111,11,50,378
salt_pepper__strong__gaussian_filter,81,41,80,348
gaussian_blur__light__unsharp_mask,10,6,49,485
gaussian_blur__light__sharpening,11,6,48,485
gaussian_blur__medium__unsharp_mask,15,9,50,476
gaussian_blur__medium__sharpening,16,7,49,478
gaussian_blur__strong__unsharp_mask,28,5,84,433
gaussian_blur__strong__sharpening,21,6,91,432
color_cast__light__rgb_balance,9,16,42,483
color_cast__light__hsv_correction,9,13,42,486
color_cast__light__lab_correction,4,16,47,483
color_cast__medium__rgb_balance,12,18,42,478
color_cast__medium__hsv_correction,8,9,46,487
color_cast__medium__lab_correction,7,21,47,475
color_cast__strong__rgb_balance,21,15,44,470
color_cast__strong__hsv_correction,6,4,59,481
color_cast__strong__lab_correction,10,21,55,464
