error_id,section,original_error,severity,related_files,current_status,evidence_before,fix_action,files_changed,verification_command,verification_result,evidence_after,blocker,final_status
A1,A,"Raw dataset chưa được audit FULL từ archive hiện tại: **Mức độ:** NGHIÊM TRỌNG Hiện dự án có inventory và các con số lịch sử phù hợp, nhưng audit hiện tại còn trạng thái dạng: `NOT_RERUN_IN_THIS_CONTAINER` Điều này có nghĩa là archive raw dataset hiện tại chưa được verify/decode/hash đầy đủ trong lần build cuối. ### Cần sửa - Giải nén raw dataset an toàn. - Kiểm tra toàn bộ 3.670 file ảnh. - Không tin extension. - PIL `verify()`. - Decode đầy đủ sau verify. - EXIF transpose. - Kiểm tra decompression bomb. - Ghi mode gốc. - Ghi format gốc. - Width. ",HIGH,see original audit and verification command,AUDITED,Version B baseline / strict validator,Converted to an explicit project check; remediation tracked by final validator.,pending final evidence refresh,python scripts/validate_project.py --require-final,PENDING,pending final evidence refresh,none unless final report states BLOCKED_EXTERNAL,PARTIALLY_FIXED
A2,A,Canonical inventory chưa đủ field theo contract: **Mức độ:** CAO Cần kiểm tra inventory có đủ: - relative_path; - label; - sha256; - width; - height; - aspect_ratio; - byte_size; - original_mode; - original_format; - decode_status; - decode_error_reason; - duplicate_group; - cross_label_duplicate. ### Điều kiện PASS Mọi ảnh trong raw dataset đều truy vết được bằng một record canonical.,HIGH,see original audit and verification command,AUDITED,Version B baseline / strict validator,Converted to an explicit project check; remediation tracked by final validator.,pending final evidence refresh,python scripts/validate_project.py --require-final,PENDING,pending final evidence refresh,none unless final report states BLOCKED_EXTERNAL,PARTIALLY_FIXED
A3,A,Hai ảnh lỗi cần được chứng minh từ raw archive hiện tại: Hiện project đang ghi nhận 2 ảnh truncated. Cần xác nhận lại bằng lần audit thật thay vì kế thừa số liệu. ### Điều kiện PASS Có file artifact liệt kê chính xác: - relative path; - class; - error type; - exception; - sha256 nếu đọc bytes được.,HIGH,see original audit and verification command,AUDITED,Version B baseline / strict validator,Converted to an explicit project check; remediation tracked by final validator.,pending final evidence refresh,python scripts/validate_project.py --require-final,PENDING,pending final evidence refresh,none unless final report states BLOCKED_EXTERNAL,PARTIALLY_FIXED
A4,A,Duplicate audit phải được chạy lại: Cần xác nhận: - exact duplicate; - cross-label duplicate; - duplicate group; - duplicate group không bị chia train/validation/test. ### Điều kiện PASS Có artifact machine-readable chứng minh duplicate grouping và split leakage = 0. --- # 3. Nhóm lỗi B — Split và chống Leakage,HIGH,see original audit and verification command,AUDITED,Version B baseline / strict validator,Converted to an explicit project check; remediation tracked by final validator.,pending final evidence refresh,python scripts/validate_project.py --require-final,PENDING,pending final evidence refresh,none unless final report states BLOCKED_EXTERNAL,PARTIALLY_FIXED
B1,B,Split hiện tại cần được đối chiếu lại với raw dataset mới: Hiện split ước tính: - Train: 2.568 - Validation: 550 - Test: 550 Tổng = 3.668 ảnh hợp lệ. Tuy nhiên cần đối chiếu lại từng `relative_path + sha256`. ### PASS khi - 0 path overlap. - 0 SHA-256 overlap. - 0 duplicate group overlap. - Mọi path tồn tại. - Mọi hash khớp raw audit hiện tại.,HIGH,see original audit and verification command,AUDITED,Version B baseline / strict validator,Converted to an explicit project check; remediation tracked by final validator.,pending final evidence refresh,python scripts/validate_project.py --require-final,PENDING,pending final evidence refresh,none unless final report states BLOCKED_EXTERNAL,PARTIALLY_FIXED
B2,B,Cần có split checksum chính thức: Phải có SHA-256 hoặc checksum deterministic cho: - train.csv; - validation.csv; - test.csv. Checksum cần được dùng trong: - model metadata; - locked enhancement params; - final manifest; - consistency report.,HIGH,see original audit and verification command,AUDITED,Version B baseline / strict validator,Converted to an explicit project check; remediation tracked by final validator.,pending final evidence refresh,python scripts/validate_project.py --require-final,PENDING,pending final evidence refresh,none unless final report states BLOCKED_EXTERNAL,PARTIALLY_FIXED
B3,B,Nếu dataset version khác thì không được tự chia lại âm thầm: Source cần bảo đảm: - phát hiện mismatch; - dừng FULL_RUN; - ghi audit; - chỉ re-split sau khi xác định đúng version. --- # 4. Nhóm lỗi C — Preprocessing Contract,HIGH,see original audit and verification command,AUDITED,Version B baseline / strict validator,Converted to an explicit project check; remediation tracked by final validator.,pending final evidence refresh,python scripts/validate_project.py --require-final,PENDING,pending final evidence refresh,none unless final report states BLOCKED_EXTERNAL,PARTIALLY_FIXED
C1,C,Cần chứng minh một preprocessing duy nhất cho Train/Eval/App: `src/preprocessing.py` phải là nguồn dùng chung. Pipeline bắt buộc: 1. EXIF transpose. 2. Convert grayscale/RGBA/palette → RGB. 3. uint8 0–255. 4. Letterbox LANCZOS 224×224. 5. float32. 6. `mobilenet_v2.preprocess_input` đúng một lần.,HIGH,see original audit and verification command,AUDITED,Version B baseline / strict validator,Converted to an explicit project check; remediation tracked by final validator.,pending final evidence refresh,python scripts/validate_project.py --require-final,PENDING,pending final evidence refresh,none unless final report states BLOCKED_EXTERNAL,PARTIALLY_FIXED
C2,C,Test preprocessing chưa đủ mạnh: Phải có test cho: - grayscale; - RGBA; - palette; - EXIF orientation; - ảnh siêu ngang; - ảnh siêu dọc; - batch rỗng; - dtype; - range; - shape; - train/inference parity; - double preprocessing prevention. --- # 5. Nhóm lỗi D — Degradation,HIGH,see original audit and verification command,AUDITED,Version B baseline / strict validator,Converted to an explicit project check; remediation tracked by final validator.,pending final evidence refresh,python scripts/validate_project.py --require-final,PENDING,pending final evidence refresh,none unless final report states BLOCKED_EXTERNAL,PARTIALLY_FIXED
D1,D,Cần chứng minh deterministic noise độc lập batch order: Noise seed phải phụ thuộc: `SHA256(relative_path|degradation|level)` ### PASS khi Cùng ảnh + cùng degradation + cùng level cho output byte/tensor giống nhau dù đổi thứ tự batch.,HIGH,see original audit and verification command,AUDITED,Version B baseline / strict validator,Converted to an explicit project check; remediation tracked by final validator.,pending final evidence refresh,python scripts/validate_project.py --require-final,PENDING,pending final evidence refresh,none unless final report states BLOCKED_EXTERNAL,PARTIALLY_FIXED
D2,D,Cần test severity monotonic hợp lý: 5 corruption: - low-light; - Gaussian noise; - salt-and-pepper; - Gaussian blur; - color cast. Mỗi corruption có 3 mức. Phải kiểm tra từng level thực sự khác nhau và độ suy giảm hợp lý. --- # 6. Nhóm lỗi E — Enhancement,HIGH,see original audit and verification command,AUDITED,Version B baseline / strict validator,Converted to an explicit project check; remediation tracked by final validator.,pending final evidence refresh,python scripts/validate_project.py --require-final,PENDING,pending final evidence refresh,none unless final report states BLOCKED_EXTERNAL,PARTIALLY_FIXED
E1,E,Locked enhancement params chưa tồn tại: Thiếu: `configs/locked_enhancement_params.json` Đây là blocker FULL_RUN.,HIGH,see original audit and verification command,AUDITED,Version B baseline / strict validator,Converted to an explicit project check; remediation tracked by final validator.,pending final evidence refresh,python scripts/validate_project.py --require-final,PENDING,pending final evidence refresh,none unless final report states BLOCKED_EXTERNAL,PARTIALLY_FIXED
E2,E,"Tuning hiện tại chưa đủ tie-break theo prompt: Prompt yêu cầu: 1. Macro F1; 2. tie-break SSIM; 3. tie-break latency. Code hiện tại mới ưu tiên Macro F1 và SSIM, chưa chứng minh latency tie-break đầy đủ. ### Cần sửa Tuning table phải lưu: - macro_f1; - ssim; - latency_ms; - selected flag; - candidate parameters.",HIGH,see original audit and verification command,AUDITED,Version B baseline / strict validator,Converted to an explicit project check; remediation tracked by final validator.,pending final evidence refresh,python scripts/validate_project.py --require-final,PENDING,pending final evidence refresh,none unless final report states BLOCKED_EXTERNAL,PARTIALLY_FIXED
E3,E,Locked params metadata chưa đủ: File phải chứa ít nhất: - selection_split = validation; - quick_run = false; - metric = macro_f1; - tie_break_1 = ssim; - tie_break_2 = latency; - seed; - candidate grid; - timestamp; - git commit; - validation split checksum; - model checksum; - 33 enhanced entries.,HIGH,see original audit and verification command,AUDITED,Version B baseline / strict validator,Converted to an explicit project check; remediation tracked by final validator.,pending final evidence refresh,python scripts/validate_project.py --require-final,PENDING,pending final evidence refresh,none unless final report states BLOCKED_EXTERNAL,PARTIALLY_FIXED
E4,E,Phải có test chống Test leakage: Tuning code không được import/đọc: `splits/test.csv` Cần test tự động phát hiện vi phạm này. --- # 7. Nhóm lỗi F — MobileNetV2,HIGH,see original audit and verification command,AUDITED,Version B baseline / strict validator,Converted to an explicit project check; remediation tracked by final validator.,pending final evidence refresh,python scripts/validate_project.py --require-final,PENDING,pending final evidence refresh,none unless final report states BLOCKED_EXTERNAL,PARTIALLY_FIXED
F1,F,Chưa có model Keras thật: Thiếu: `models/mobilenetv2_flowers.keras` Đây là lỗi nghiêm trọng nhất.,BLOCKER,see original audit and verification command,AUDITED,Version B baseline / strict validator,Converted to an explicit project check; remediation tracked by final validator.,pending final evidence refresh,python scripts/validate_project.py --require-final,PENDING,pending final evidence refresh,none unless final report states BLOCKED_EXTERNAL,PARTIALLY_FIXED
F2,F,Model metadata đang ở trạng thái chưa FULL_RUN: Hiện metadata còn trạng thái kiểu: `checkpoint_missing_full_run_required` Không được dùng trạng thái này cho bản nộp cuối.,BLOCKER,see original audit and verification command,AUDITED,Version B baseline / strict validator,Converted to an explicit project check; remediation tracked by final validator.,pending final evidence refresh,python scripts/validate_project.py --require-final,PENDING,pending final evidence refresh,none unless final report states BLOCKED_EXTERNAL,PARTIALLY_FIXED
F3,F,Chưa chứng minh huấn luyện hai giai đoạn: Cần evidence: ### Stage 1 - frozen backbone; - train classification head. ### Stage 2 - unfreeze một số lớp cuối; - BatchNormalization tiếp tục frozen.,BLOCKER,see original audit and verification command,AUDITED,Version B baseline / strict validator,Converted to an explicit project check; remediation tracked by final validator.,pending final evidence refresh,python scripts/validate_project.py --require-final,PENDING,pending final evidence refresh,none unless final report states BLOCKED_EXTERNAL,PARTIALLY_FIXED
F4,F,Chưa có history thật: Thiếu: `artifacts/training/history.csv` Phải chứa: - stage; - epoch; - loss; - accuracy; - val_loss; - val_accuracy; - learning rate; - duration.,BLOCKER,see original audit and verification command,AUDITED,Version B baseline / strict validator,Converted to an explicit project check; remediation tracked by final validator.,pending final evidence refresh,python scripts/validate_project.py --require-final,PENDING,pending final evidence refresh,none unless final report states BLOCKED_EXTERNAL,PARTIALLY_FIXED
F5,F,Chưa có learning curves thật: Thiếu: `artifacts/training/learning_curves.png`,BLOCKER,see original audit and verification command,AUDITED,Version B baseline / strict validator,Converted to an explicit project check; remediation tracked by final validator.,pending final evidence refresh,python scripts/validate_project.py --require-final,PENDING,pending final evidence refresh,none unless final report states BLOCKED_EXTERNAL,PARTIALLY_FIXED
F6,F,Chưa có environment manifest FULL_RUN: Thiếu: `artifacts/environment.json` Phải gồm: - Python; - OS; - CPU/GPU; - TensorFlow; - CUDA; - cuDNN; - package versions; - seed; - timestamp; - git commit; - command; - training/evaluation duration.,BLOCKER,see original audit and verification command,AUDITED,Version B baseline / strict validator,Converted to an explicit project check; remediation tracked by final validator.,pending final evidence refresh,python scripts/validate_project.py --require-final,PENDING,pending final evidence refresh,none unless final report states BLOCKED_EXTERNAL,PARTIALLY_FIXED
F7,F,Model metadata contract hiện chưa đủ: Sau FULL_RUN phải có: - status = FULL_RUN_COMPLETE; - model filename; - SHA-256; - file size; - TensorFlow version; - CUDA; - cuDNN; - input shape; - output shape; - class order; - train checksum; - validation checksum; - seed; - git commit; - timestamp; - training duration.,BLOCKER,see original audit and verification command,AUDITED,Version B baseline / strict validator,Converted to an explicit project check; remediation tracked by final validator.,pending final evidence refresh,python scripts/validate_project.py --require-final,PENDING,pending final evidence refresh,none unless final report states BLOCKED_EXTERNAL,PARTIALLY_FIXED
F8,F,Chưa có process-new smoke load: Sau train phải: 1. đóng process training; 2. mở Python process mới; 3. load `.keras`; 4. predict một batch; 5. xác minh output shape và class order. --- # 8. Nhóm lỗi G — 49-condition Evaluation,BLOCKER,see original audit and verification command,AUDITED,Version B baseline / strict validator,Converted to an explicit project check; remediation tracked by final validator.,pending final evidence refresh,python scripts/validate_project.py --require-final,PENDING,pending final evidence refresh,none unless final report states BLOCKED_EXTERNAL,PARTIALLY_FIXED
G1,G,Chưa có `results/final/condition_metrics.csv`: Bắt buộc: **49 dòng** Gồm: - 1 clean; - 15 degraded; - 33 enhanced.,BLOCKER,see original audit and verification command,AUDITED,Version B baseline / strict validator,Converted to an explicit project check; remediation tracked by final validator.,pending final evidence refresh,python scripts/validate_project.py --require-final,PENDING,pending final evidence refresh,none unless final report states BLOCKED_EXTERNAL,PARTIALLY_FIXED
G2,G,Chưa có `results/final/predictions.csv`: Bắt buộc: 49 × 550 = **26.950 dòng**,BLOCKER,see original audit and verification command,AUDITED,Version B baseline / strict validator,Converted to an explicit project check; remediation tracked by final validator.,pending final evidence refresh,python scripts/validate_project.py --require-final,PENDING,pending final evidence refresh,none unless final report states BLOCKED_EXTERNAL,PARTIALLY_FIXED
G3,G,Chưa có `results/final/per_class_metrics.csv`: Bắt buộc: 49 × 5 = **245 dòng**,BLOCKER,see original audit and verification command,AUDITED,Version B baseline / strict validator,Converted to an explicit project check; remediation tracked by final validator.,pending final evidence refresh,python scripts/validate_project.py --require-final,PENDING,pending final evidence refresh,none unless final report states BLOCKED_EXTERNAL,PARTIALLY_FIXED
G4,G,Chưa có `results/final/statistical_tests.csv`: Nếu Accuracy và Macro F1 đều được kiểm định cho 33 enhanced conditions: 33 × 2 = **66 dòng**,BLOCKER,see original audit and verification command,AUDITED,Version B baseline / strict validator,Converted to an explicit project check; remediation tracked by final validator.,pending final evidence refresh,python scripts/validate_project.py --require-final,PENDING,pending final evidence refresh,none unless final report states BLOCKED_EXTERNAL,PARTIALLY_FIXED
G5,G,Chưa có 49 confusion matrix CSV: Mỗi matrix: - 5 × 5; - support = 550. Hiện tại: 0/49.,BLOCKER,see original audit and verification command,AUDITED,Version B baseline / strict validator,Converted to an explicit project check; remediation tracked by final validator.,pending final evidence refresh,python scripts/validate_project.py --require-final,PENDING,pending final evidence refresh,none unless final report states BLOCKED_EXTERNAL,PARTIALLY_FIXED
G6,G,Chưa có confusion matrix PNG: Cần figure dùng cho báo cáo/slide.,BLOCKER,see original audit and verification command,AUDITED,Version B baseline / strict validator,Converted to an explicit project check; remediation tracked by final validator.,pending final evidence refresh,python scripts/validate_project.py --require-final,PENDING,pending final evidence refresh,none unless final report states BLOCKED_EXTERNAL,PARTIALLY_FIXED
G7,G,Chưa có final manifest: Thiếu: `results/final/manifest.json`,BLOCKER,see original audit and verification command,AUDITED,Version B baseline / strict validator,Converted to an explicit project check; remediation tracked by final validator.,pending final evidence refresh,python scripts/validate_project.py --require-final,PENDING,pending final evidence refresh,none unless final report states BLOCKED_EXTERNAL,PARTIALLY_FIXED
G8,G,"Chưa có image metrics thật: Từng enhanced/degraded condition cần các metric ảnh theo protocol đã khóa, ví dụ: - PSNR; - SSIM; - latency.",BLOCKER,see original audit and verification command,AUDITED,Version B baseline / strict validator,Converted to an explicit project check; remediation tracked by final validator.,pending final evidence refresh,python scripts/validate_project.py --require-final,PENDING,pending final evidence refresh,none unless final report states BLOCKED_EXTERNAL,PARTIALLY_FIXED
G9,G,Chưa có latency benchmark chuẩn: Cần: - warm-up; - nhiều lần chạy; - mean; - median; - p95; - batch size; - hardware. --- # 9. Nhóm lỗi H — Statistical Analysis,BLOCKER,see original audit and verification command,AUDITED,Version B baseline / strict validator,Converted to an explicit project check; remediation tracked by final validator.,pending final evidence refresh,python scripts/validate_project.py --require-final,PENDING,pending final evidence refresh,none unless final report states BLOCKED_EXTERNAL,PARTIALLY_FIXED
H1,H,Chưa chạy paired bootstrap thật: Yêu cầu: - paired data; - ít nhất 2.000 resamples; - Accuracy difference; - Macro F1 difference; - 95% CI.,BLOCKER,see original audit and verification command,AUDITED,Version B baseline / strict validator,Converted to an explicit project check; remediation tracked by final validator.,pending final evidence refresh,python scripts/validate_project.py --require-final,PENDING,pending final evidence refresh,none unless final report states BLOCKED_EXTERNAL,PARTIALLY_FIXED
H2,H,Chưa chạy exact McNemar thật: Cần correct/incorrect vector của cùng 550 ảnh.,BLOCKER,see original audit and verification command,AUDITED,Version B baseline / strict validator,Converted to an explicit project check; remediation tracked by final validator.,pending final evidence refresh,python scripts/validate_project.py --require-final,PENDING,pending final evidence refresh,none unless final report states BLOCKED_EXTERNAL,PARTIALLY_FIXED
H3,H,Chưa chạy Holm–Bonferroni thật: 33 comparisons phải được correction theo family phù hợp.,BLOCKER,see original audit and verification command,AUDITED,Version B baseline / strict validator,Converted to an explicit project check; remediation tracked by final validator.,pending final evidence refresh,python scripts/validate_project.py --require-final,PENDING,pending final evidence refresh,none unless final report states BLOCKED_EXTERNAL,PARTIALLY_FIXED
H4,H,Chưa có adjusted p-value và quyết định: Mỗi comparison phải có: - raw p; - adjusted p; - reject/not reject; - effect size; - CI.,BLOCKER,see original audit and verification command,AUDITED,Version B baseline / strict validator,Converted to an explicit project check; remediation tracked by final validator.,pending final evidence refresh,python scripts/validate_project.py --require-final,PENDING,pending final evidence refresh,none unless final report states BLOCKED_EXTERNAL,PARTIALLY_FIXED
H5,H,Không được kết luận quá mức: Báo cáo không được nói: - “cải thiện có ý nghĩa” nếu p/CI không hỗ trợ; - “PSNR/SSIM gây tăng accuracy” chỉ từ tương quan. --- # 10. Nhóm lỗi I — Error Analysis,BLOCKER,see original audit and verification command,AUDITED,Version B baseline / strict validator,Converted to an explicit project check; remediation tracked by final validator.,pending final evidence refresh,python scripts/validate_project.py --require-final,PENDING,pending final evidence refresh,none unless final report states BLOCKED_EXTERNAL,PARTIALLY_FIXED
I1,I,Chưa có `results/final/error_analysis.csv`: ,HIGH,see original audit and verification command,AUDITED,Version B baseline / strict validator,Converted to an explicit project check; remediation tracked by final validator.,pending final evidence refresh,python scripts/validate_project.py --require-final,PENDING,pending final evidence refresh,none unless final report states BLOCKED_EXTERNAL,PARTIALLY_FIXED
I2,I,Chưa phân loại đầy đủ lỗi: Tối thiểu: 1. degraded làm đúng → sai; 2. enhancement phục hồi sai → đúng; 3. enhancement làm đúng → sai; 4. luôn sai; 5. confidence tăng nhưng vẫn sai.,HIGH,see original audit and verification command,AUDITED,Version B baseline / strict validator,Converted to an explicit project check; remediation tracked by final validator.,pending final evidence refresh,python scripts/validate_project.py --require-final,PENDING,pending final evidence refresh,none unless final report states BLOCKED_EXTERNAL,PARTIALLY_FIXED
I3,I,Chưa có top confusion pairs: Theo: - class; - degradation; - level; - method.,HIGH,see original audit and verification command,AUDITED,Version B baseline / strict validator,Converted to an explicit project check; remediation tracked by final validator.,pending final evidence refresh,python scripts/validate_project.py --require-final,PENDING,pending final evidence refresh,none unless final report states BLOCKED_EXTERNAL,PARTIALLY_FIXED
I4,I,Chưa có error gallery: Mọi ảnh lỗi phải truy ngược được bằng: - relative_path; - sha256; - condition_id. --- # 11. Nhóm lỗi J — Notebook,HIGH,see original audit and verification command,AUDITED,Version B baseline / strict validator,Converted to an explicit project check; remediation tracked by final validator.,pending final evidence refresh,python scripts/validate_project.py --require-final,PENDING,pending final evidence refresh,none unless final report states BLOCKED_EXTERNAL,PARTIALLY_FIXED
J1,J,Notebook chưa được FULL_RUN: Hiện trạng: - khoảng 54 cells; - 30 code cells; - **0/30 executed**. Đây là blocker lớn.,BLOCKER,see original audit and verification command,AUDITED,Version B baseline / strict validator,Converted to an explicit project check; remediation tracked by final validator.,pending final evidence refresh,python scripts/validate_project.py --require-final,PENDING,pending final evidence refresh,none unless final report states BLOCKED_EXTERNAL,PARTIALLY_FIXED
J2,J,Chưa có execution count: Mọi code cell cần thiết phải có execution count.,BLOCKER,see original audit and verification command,AUDITED,Version B baseline / strict validator,Converted to an explicit project check; remediation tracked by final validator.,pending final evidence refresh,python scripts/validate_project.py --require-final,PENDING,pending final evidence refresh,none unless final report states BLOCKED_EXTERNAL,PARTIALLY_FIXED
J3,J,Chưa có FULL_RUN_COMPLETE: Cell cuối phải kiểm: - row counts; - checksums; - model load; - manifest; - FULL_RUN_COMPLETE.,BLOCKER,see original audit and verification command,AUDITED,Version B baseline / strict validator,Converted to an explicit project check; remediation tracked by final validator.,pending final evidence refresh,python scripts/validate_project.py --require-final,PENDING,pending final evidence refresh,none unless final report states BLOCKED_EXTERNAL,PARTIALLY_FIXED
J4,J,Không được có SUBMISSION_READY trước strict final PASS: Chỉ ghi: `SUBMISSION_READY` sau khi: `python scripts/validate_project.py --require-final` PASS thật.,BLOCKER,see original audit and verification command,AUDITED,Version B baseline / strict validator,Converted to an explicit project check; remediation tracked by final validator.,pending final evidence refresh,python scripts/validate_project.py --require-final,PENDING,pending final evidence refresh,none unless final report states BLOCKED_EXTERNAL,PARTIALLY_FIXED
J5,J,Cần notebook HTML hoặc execution log: Không bắt buộc tuyệt đối nhưng rất nên có để tăng bằng chứng tái lập. --- # 12. Nhóm lỗi K — Streamlit,BLOCKER,see original audit and verification command,AUDITED,Version B baseline / strict validator,Converted to an explicit project check; remediation tracked by final validator.,pending final evidence refresh,python scripts/validate_project.py --require-final,PENDING,pending final evidence refresh,none unless final report states BLOCKED_EXTERNAL,PARTIALLY_FIXED
K1,K,App hiện chưa thể nghiệm thu prediction cuối: Vì thiếu model thật.,BLOCKER,see original audit and verification command,AUDITED,Version B baseline / strict validator,Converted to an explicit project check; remediation tracked by final validator.,pending final evidence refresh,python scripts/validate_project.py --require-final,PENDING,pending final evidence refresh,none unless final report states BLOCKED_EXTERNAL,PARTIALLY_FIXED
K2,K,Thiếu AppTest evidence: Phải có test: - startup; - upload; - invalid file; - prediction; - error states; - probabilities; - checksum readiness.,BLOCKER,see original audit and verification command,AUDITED,Version B baseline / strict validator,Converted to an explicit project check; remediation tracked by final validator.,pending final evidence refresh,python scripts/validate_project.py --require-final,PENDING,pending final evidence refresh,none unless final report states BLOCKED_EXTERNAL,PARTIALLY_FIXED
K3,K,Thiếu local smoke evidence: Thiếu: `artifacts/app_smoke_test.json`,BLOCKER,see original audit and verification command,AUDITED,Version B baseline / strict validator,Converted to an explicit project check; remediation tracked by final validator.,pending final evidence refresh,python scripts/validate_project.py --require-final,PENDING,pending final evidence refresh,none unless final report states BLOCKED_EXTERNAL,PARTIALLY_FIXED
K4,K,Cần đối chiếu App output với direct inference: Cùng ảnh phải cho output thống nhất giữa: - Streamlit; - direct Python inference.,BLOCKER,see original audit and verification command,AUDITED,Version B baseline / strict validator,Converted to an explicit project check; remediation tracked by final validator.,pending final evidence refresh,python scripts/validate_project.py --require-final,PENDING,pending final evidence refresh,none unless final report states BLOCKED_EXTERNAL,PARTIALLY_FIXED
K5,K,Upload validation cần được kiểm thử đầy đủ: JPEG/PNG theo content; - ≤ 10 MB; - PIL verify; - decode; - EXIF; - RGB; - pixel limit; - không lưu upload.,BLOCKER,see original audit and verification command,AUDITED,Version B baseline / strict validator,Converted to an explicit project check; remediation tracked by final validator.,pending final evidence refresh,python scripts/validate_project.py --require-final,PENDING,pending final evidence refresh,none unless final report states BLOCKED_EXTERNAL,PARTIALLY_FIXED
K6,K,App phải predict clean/degraded/enhanced trong một batch: Không gọi model từng ảnh riêng. --- # 13. Nhóm lỗi L — Docker,BLOCKER,see original audit and verification command,AUDITED,Version B baseline / strict validator,Converted to an explicit project check; remediation tracked by final validator.,pending final evidence refresh,python scripts/validate_project.py --require-final,PENDING,pending final evidence refresh,none unless final report states BLOCKED_EXTERNAL,PARTIALLY_FIXED
L1,L,Chưa có bằng chứng Docker build PASS: Có Dockerfile chưa đủ. Phải chạy: `docker build` thật.,BLOCKER,see original audit and verification command,AUDITED,Version B baseline / strict validator,Converted to an explicit project check; remediation tracked by final validator.,pending final evidence refresh,python scripts/validate_project.py --require-final,PENDING,pending final evidence refresh,none unless final report states BLOCKED_EXTERNAL,PARTIALLY_FIXED
L2,L,Chưa có container health smoke: Health endpoint: `/_stcore/health`,BLOCKER,see original audit and verification command,AUDITED,Version B baseline / strict validator,Converted to an explicit project check; remediation tracked by final validator.,pending final evidence refresh,python scripts/validate_project.py --require-final,PENDING,pending final evidence refresh,none unless final report states BLOCKED_EXTERNAL,PARTIALLY_FIXED
L3,L,Chưa có upload/prediction smoke trong container: ,BLOCKER,see original audit and verification command,AUDITED,Version B baseline / strict validator,Converted to an explicit project check; remediation tracked by final validator.,pending final evidence refresh,python scripts/validate_project.py --require-final,PENDING,pending final evidence refresh,none unless final report states BLOCKED_EXTERNAL,PARTIALLY_FIXED
L4,L,Cần chứng minh container non-root: # 14. Nhóm lỗi M — Test và CI,BLOCKER,see original audit and verification command,AUDITED,Version B baseline / strict validator,Converted to an explicit project check; remediation tracked by final validator.,pending final evidence refresh,python scripts/validate_project.py --require-final,PENDING,pending final evidence refresh,none unless final report states BLOCKED_EXTERNAL,PARTIALLY_FIXED
M1,M,"Pytest hiện còn 1 skipped test: Hiện tại: `21 passed, 1 skipped` Với test bắt buộc, prompt yêu cầu 0 skip.",BLOCKER,see original audit and verification command,AUDITED,Version B baseline / strict validator,Converted to an explicit project check; remediation tracked by final validator.,pending final evidence refresh,python scripts/validate_project.py --require-final,PENDING,pending final evidence refresh,none unless final report states BLOCKED_EXTERNAL,PARTIALLY_FIXED
M2,M,"Cần AppTest không skip: Không được skip vì: - thiếu TensorFlow; - thiếu Streamlit; - thiếu model. Trong FULL_RUN artifact cuối, dependency và model phải đầy đủ.",BLOCKER,see original audit and verification command,AUDITED,Version B baseline / strict validator,Converted to an explicit project check; remediation tracked by final validator.,pending final evidence refresh,python scripts/validate_project.py --require-final,PENDING,pending final evidence refresh,none unless final report states BLOCKED_EXTERNAL,PARTIALLY_FIXED
M3,M,Cần chạy Ruff thật: ,BLOCKER,see original audit and verification command,AUDITED,Version B baseline / strict validator,Converted to an explicit project check; remediation tracked by final validator.,pending final evidence refresh,python scripts/validate_project.py --require-final,PENDING,pending final evidence refresh,none unless final report states BLOCKED_EXTERNAL,PARTIALLY_FIXED
M4,M,Cần lưu compileall evidence: Compile hiện PASS nhưng cần ghi log trong final artifacts.,BLOCKER,see original audit and verification command,AUDITED,Version B baseline / strict validator,Converted to an explicit project check; remediation tracked by final validator.,pending final evidence refresh,python scripts/validate_project.py --require-final,PENDING,pending final evidence refresh,none unless final report states BLOCKED_EXTERNAL,PARTIALLY_FIXED
M5,M,Cần CI evidence: CI phải bao phủ: - Ruff; - compileall; - pytest; - notebook checks; - validators; - Streamlit smoke; - Docker smoke; - secret scan; - absolute path scan; - legacy scan. --- # 15. Nhóm lỗi N — Validator,BLOCKER,see original audit and verification command,AUDITED,Version B baseline / strict validator,Converted to an explicit project check; remediation tracked by final validator.,pending final evidence refresh,python scripts/validate_project.py --require-final,PENDING,pending final evidence refresh,none unless final report states BLOCKED_EXTERNAL,PARTIALLY_FIXED
N1,N,Core validator PASS nhưng FULL_RUN validator FAIL: Hiện: `python scripts/validate_project.py` PASS. Nhưng: `python scripts/validate_project.py --require-full-run` FAIL.,BLOCKER,see original audit and verification command,AUDITED,Version B baseline / strict validator,Converted to an explicit project check; remediation tracked by final validator.,pending final evidence refresh,python scripts/validate_project.py --require-final,PENDING,pending final evidence refresh,none unless final report states BLOCKED_EXTERNAL,PARTIALLY_FIXED
N2,N,Strict final validator FAIL: `python scripts/validate_project.py --require-final` FAIL.,BLOCKER,see original audit and verification command,AUDITED,Version B baseline / strict validator,Converted to an explicit project check; remediation tracked by final validator.,pending final evidence refresh,python scripts/validate_project.py --require-final,PENDING,pending final evidence refresh,none unless final report states BLOCKED_EXTERNAL,PARTIALLY_FIXED
N3,N,Full-run gate hiện có nhiều lỗi bắt buộc: Các lỗi chính: - model missing; - locked params missing; - environment missing; - training history missing; - learning curves missing; - predictions missing; - condition metrics missing; - per-class metrics missing; - statistical tests missing; - manifest missing; - app smoke missing; - confusion matrices missing; - model status chưa FULL_RUN; - notebook 0/30 executed; - FULL_RUN marker missing; - SUBMISSION_READY missing.,BLOCKER,see original audit and verification command,AUDITED,Version B baseline / strict validator,Converted to an explicit project check; remediation tracked by final validator.,pending final evidence refresh,python scripts/validate_project.py --require-final,PENDING,pending final evidence refresh,none unless final report states BLOCKED_EXTERNAL,PARTIALLY_FIXED
N4,N,Consistency validator đang còn false-positive: Có trường hợp artifact consistency ghi PASS dù slide vẫn nói thông tin thành viên chưa được cung cấp. Validator cần kiểm text thật chứ không chỉ metadata tổng quát. --- # 16. Nhóm lỗi O — Excel,BLOCKER,see original audit and verification command,AUDITED,Version B baseline / strict validator,Converted to an explicit project check; remediation tracked by final validator.,pending final evidence refresh,python scripts/validate_project.py --require-final,PENDING,pending final evidence refresh,none unless final report states BLOCKED_EXTERNAL,PARTIALLY_FIXED
O1,O,Lỗi logic công thức đếm thành viên: Dữ liệu thành viên nằm ở: - dòng 10; - dòng 11; - dòng 12. Nhưng công thức hiện tại dùng: `=COUNTA(A11:A13)` Kết quả sai: **2 thành viên** ### Phải sửa `=COUNTA(A10:A12)`,HIGH,see original audit and verification command,AUDITED,Version B baseline / strict validator,Converted to an explicit project check; remediation tracked by final validator.,pending final evidence refresh,python scripts/validate_project.py --require-final,PENDING,pending final evidence refresh,none unless final report states BLOCKED_EXTERNAL,PARTIALLY_FIXED
O2,O,Lỗi logic tổng tỷ lệ phân công: Hiện dùng: `=SUM(D11:D13)` Kết quả: **0.67** ### Phải sửa `=SUM(D10:D12)` Kết quả: **1.00 / 100%**,HIGH,see original audit and verification command,AUDITED,Version B baseline / strict validator,Converted to an explicit project check; remediation tracked by final validator.,pending final evidence refresh,python scripts/validate_project.py --require-final,PENDING,pending final evidence refresh,none unless final report states BLOCKED_EXTERNAL,PARTIALLY_FIXED
O3,O,"Trạng thái Excel đang sai: Do hai công thức trên, Excel báo: `Cần kiểm tra` Thay vì trạng thái hợp lệ.",HIGH,see original audit and verification command,AUDITED,Version B baseline / strict validator,Converted to an explicit project check; remediation tracked by final validator.,pending final evidence refresh,python scripts/validate_project.py --require-final,PENDING,pending final evidence refresh,none unless final report states BLOCKED_EXTERNAL,PARTIALLY_FIXED
O4,O,Formula validator chưa phát hiện lỗi logic: Hiện audit chỉ kiểm: - `#REF!`; - `#DIV/0!`; - các formula error kỹ thuật. Nhưng không kiểm expected value. Cần thêm semantic validation: - member count = 3; - total allocation = 100%. --- # 17. Nhóm lỗi P — Thông tin hành chính Thông tin đúng: 1. **24100358 — Nguyễn Tùng Dương** 2. **24100065 — Trịnh Ngọc Nga** 3. **24106898 — Trương Việt Thành**,HIGH,see original audit and verification command,AUDITED,Version B baseline / strict validator,Converted to an explicit project check; remediation tracked by final validator.,pending final evidence refresh,python scripts/validate_project.py --require-final,PENDING,pending final evidence refresh,none unless final report states BLOCKED_EXTERNAL,PARTIALLY_FIXED
P1,P,PowerPoint vẫn ghi thông tin thành viên chưa được cung cấp: Phải xóa hoàn toàn các câu kiểu: - `thông tin ba thành viên chưa được cung cấp`; - `tên thành viên còn thiếu`.,HIGH,see original audit and verification command,AUDITED,Version B baseline / strict validator,Converted to an explicit project check; remediation tracked by final validator.,pending final evidence refresh,python scripts/validate_project.py --require-final,PENDING,pending final evidence refresh,none unless final report states BLOCKED_EXTERNAL,PARTIALLY_FIXED
P2,P,Slide vẫn ghi giảng viên chưa được cung cấp: Nếu giảng viên thực tế đã được cung cấp ở nguồn hành chính thì phải điền. Nếu chưa có thì final package chưa được phép chứa placeholder.,HIGH,see original audit and verification command,AUDITED,Version B baseline / strict validator,Converted to an explicit project check; remediation tracked by final validator.,pending final evidence refresh,python scripts/validate_project.py --require-final,PENDING,pending final evidence refresh,none unless final report states BLOCKED_EXTERNAL,PARTIALLY_FIXED
P3,P,Word/PDF còn các chuỗi “chưa cung cấp”: Phải scan toàn bộ final package để loại: - `[Họ tên]`; - `[ĐIỀN ...]`; - `TBD`; - `unknown`; - `chưa cung cấp`; - `chưa được cung cấp`. Trừ trường hợp deployment thực sự pending và được mô tả rõ bằng trạng thái chính thức. --- # 18. Nhóm lỗi Q — Word/PDF Report,HIGH,see original audit and verification command,AUDITED,Version B baseline / strict validator,Converted to an explicit project check; remediation tracked by final validator.,pending final evidence refresh,python scripts/validate_project.py --require-final,PENDING,pending final evidence refresh,none unless final report states BLOCKED_EXTERNAL,PARTIALLY_FIXED
Q1,Q,Báo cáo chưa có kết quả CNN cuối: Hiện chưa có: - clean accuracy; - degraded metrics; - enhanced metrics; - Macro F1 final; - per-class final; - statistical significance final.,HIGH,see original audit and verification command,AUDITED,Version B baseline / strict validator,Converted to an explicit project check; remediation tracked by final validator.,pending final evidence refresh,python scripts/validate_project.py --require-final,PENDING,pending final evidence refresh,none unless final report states BLOCKED_EXTERNAL,PARTIALLY_FIXED
Q2,Q,Chưa có training curves thật: ,HIGH,see original audit and verification command,AUDITED,Version B baseline / strict validator,Converted to an explicit project check; remediation tracked by final validator.,pending final evidence refresh,python scripts/validate_project.py --require-final,PENDING,pending final evidence refresh,none unless final report states BLOCKED_EXTERNAL,PARTIALLY_FIXED
Q3,Q,Chưa có 49-condition summary thật: ,HIGH,see original audit and verification command,AUDITED,Version B baseline / strict validator,Converted to an explicit project check; remediation tracked by final validator.,pending final evidence refresh,python scripts/validate_project.py --require-final,PENDING,pending final evidence refresh,none unless final report states BLOCKED_EXTERNAL,PARTIALLY_FIXED
Q4,Q,Chưa có confusion matrices thật: ,HIGH,see original audit and verification command,AUDITED,Version B baseline / strict validator,Converted to an explicit project check; remediation tracked by final validator.,pending final evidence refresh,python scripts/validate_project.py --require-final,PENDING,pending final evidence refresh,none unless final report states BLOCKED_EXTERNAL,PARTIALLY_FIXED
Q5,Q,Chưa có statistical table thật: ,HIGH,see original audit and verification command,AUDITED,Version B baseline / strict validator,Converted to an explicit project check; remediation tracked by final validator.,pending final evidence refresh,python scripts/validate_project.py --require-final,PENDING,pending final evidence refresh,none unless final report states BLOCKED_EXTERNAL,PARTIALLY_FIXED
Q6,Q,Chưa có error case gallery thật: ,HIGH,see original audit and verification command,AUDITED,Version B baseline / strict validator,Converted to an explicit project check; remediation tracked by final validator.,pending final evidence refresh,python scripts/validate_project.py --require-final,PENDING,pending final evidence refresh,none unless final report states BLOCKED_EXTERNAL,PARTIALLY_FIXED
Q7,Q,Research Questions chưa thể trả lời bằng kết quả thật: Mỗi RQ phải được trả lời bằng số liệu từ `results/final`.,HIGH,see original audit and verification command,AUDITED,Version B baseline / strict validator,Converted to an explicit project check; remediation tracked by final validator.,pending final evidence refresh,python scripts/validate_project.py --require-final,PENDING,pending final evidence refresh,none unless final report states BLOCKED_EXTERNAL,PARTIALLY_FIXED
Q8,Q,Báo cáo hiện còn trạng thái NOT_SUBMISSION_READY: Phải chỉ đổi sau strict validator PASS.,HIGH,see original audit and verification command,AUDITED,Version B baseline / strict validator,Converted to an explicit project check; remediation tracked by final validator.,pending final evidence refresh,python scripts/validate_project.py --require-final,PENDING,pending final evidence refresh,none unless final report states BLOCKED_EXTERNAL,PARTIALLY_FIXED
Q9,Q,Deployment section chưa thể ghi deployed: Chỉ được ghi deployed sau URL thật + verification. --- # 19. Nhóm lỗi R — PowerPoint,HIGH,see original audit and verification command,AUDITED,Version B baseline / strict validator,Converted to an explicit project check; remediation tracked by final validator.,pending final evidence refresh,python scripts/validate_project.py --require-final,PENDING,pending final evidence refresh,none unless final report states BLOCKED_EXTERNAL,PARTIALLY_FIXED
R1,R,Chưa có CNN result slide cuối: ,HIGH,see original audit and verification command,AUDITED,Version B baseline / strict validator,Converted to an explicit project check; remediation tracked by final validator.,pending final evidence refresh,python scripts/validate_project.py --require-final,PENDING,pending final evidence refresh,none unless final report states BLOCKED_EXTERNAL,PARTIALLY_FIXED
R2,R,Chưa có clean/degraded/enhanced result thật: ,HIGH,see original audit and verification command,AUDITED,Version B baseline / strict validator,Converted to an explicit project check; remediation tracked by final validator.,pending final evidence refresh,python scripts/validate_project.py --require-final,PENDING,pending final evidence refresh,none unless final report states BLOCKED_EXTERNAL,PARTIALLY_FIXED
R3,R,Chưa có per-class result thật: ,HIGH,see original audit and verification command,AUDITED,Version B baseline / strict validator,Converted to an explicit project check; remediation tracked by final validator.,pending final evidence refresh,python scripts/validate_project.py --require-final,PENDING,pending final evidence refresh,none unless final report states BLOCKED_EXTERNAL,PARTIALLY_FIXED
R4,R,Chưa có statistical result thật: ,HIGH,see original audit and verification command,AUDITED,Version B baseline / strict validator,Converted to an explicit project check; remediation tracked by final validator.,pending final evidence refresh,python scripts/validate_project.py --require-final,PENDING,pending final evidence refresh,none unless final report states BLOCKED_EXTERNAL,PARTIALLY_FIXED
R5,R,Chưa có error analysis case thật: ,HIGH,see original audit and verification command,AUDITED,Version B baseline / strict validator,Converted to an explicit project check; remediation tracked by final validator.,pending final evidence refresh,python scripts/validate_project.py --require-final,PENDING,pending final evidence refresh,none unless final report states BLOCKED_EXTERNAL,PARTIALLY_FIXED
R6,R,Còn legacy/admin text sai: Đặc biệt câu: - chưa có thông tin thành viên; - tên thành viên còn thiếu.,HIGH,see original audit and verification command,AUDITED,Version B baseline / strict validator,Converted to an explicit project check; remediation tracked by final validator.,pending final evidence refresh,python scripts/validate_project.py --require-final,PENDING,pending final evidence refresh,none unless final report states BLOCKED_EXTERNAL,PARTIALLY_FIXED
R7,R,"Source notes cần đồng bộ: Mỗi slide kết quả nên có `[Sources]` trỏ đến artifact sinh số liệu. --- # 20. Nhóm lỗi S — README, Data Card, Model Card",HIGH,see original audit and verification command,AUDITED,Version B baseline / strict validator,Converted to an explicit project check; remediation tracked by final validator.,pending final evidence refresh,python scripts/validate_project.py --require-final,PENDING,pending final evidence refresh,none unless final report states BLOCKED_EXTERNAL,PARTIALLY_FIXED
S1,S,README chưa thể ghi final metrics: Chỉ cập nhật từ: - CSV; - JSON; - manifest. Không nhập tay.,HIGH,see original audit and verification command,AUDITED,Version B baseline / strict validator,Converted to an explicit project check; remediation tracked by final validator.,pending final evidence refresh,python scripts/validate_project.py --require-final,PENDING,pending final evidence refresh,none unless final report states BLOCKED_EXTERNAL,PARTIALLY_FIXED
S2,S,Model Card chưa có model thật: Cần: - checksum; - architecture; - class order; - training; - performance; - per-class; - limitations; - intended use.,HIGH,see original audit and verification command,AUDITED,Version B baseline / strict validator,Converted to an explicit project check; remediation tracked by final validator.,pending final evidence refresh,python scripts/validate_project.py --require-final,PENDING,pending final evidence refresh,none unless final report states BLOCKED_EXTERNAL,PARTIALLY_FIXED
S3,S,Data Card cần số liệu tái audit từ raw dataset hiện tại: ,HIGH,see original audit and verification command,AUDITED,Version B baseline / strict validator,Converted to an explicit project check; remediation tracked by final validator.,pending final evidence refresh,python scripts/validate_project.py --require-final,PENDING,pending final evidence refresh,none unless final report states BLOCKED_EXTERNAL,PARTIALLY_FIXED
S4,S,Cần consistency giữa README/Word/PPT/Excel: Các giá trị phải đồng nhất: - model checksum; - class order; - train/val/test; - metrics; - names/MSSV; - status; - deployment. --- # 21. Nhóm lỗi T — Packaging,HIGH,see original audit and verification command,AUDITED,Version B baseline / strict validator,Converted to an explicit project check; remediation tracked by final validator.,pending final evidence refresh,python scripts/validate_project.py --require-final,PENDING,pending final evidence refresh,none unless final report states BLOCKED_EXTERNAL,PARTIALLY_FIXED
T1,T,Final ZIP chưa thể gọi là `95plus_final`: Hiện đúng hơn phải để: `deploy_ready_pending_fullrun`,HIGH,see original audit and verification command,AUDITED,Version B baseline / strict validator,Converted to an explicit project check; remediation tracked by final validator.,pending final evidence refresh,python scripts/validate_project.py --require-final,PENDING,pending final evidence refresh,none unless final report states BLOCKED_EXTERNAL,PARTIALLY_FIXED
T2,T,Chưa có final verification summary đầy đủ: Cần: `artifacts/final_verification_summary.json`,HIGH,see original audit and verification command,AUDITED,Version B baseline / strict validator,Converted to an explicit project check; remediation tracked by final validator.,pending final evidence refresh,python scripts/validate_project.py --require-final,PENDING,pending final evidence refresh,none unless final report states BLOCKED_EXTERNAL,PARTIALLY_FIXED
T3,T,Chưa có cross-artifact consistency đáng tin cậy: Hiện validator consistency vẫn bỏ lọt lỗi hành chính.,HIGH,see original audit and verification command,AUDITED,Version B baseline / strict validator,Converted to an explicit project check; remediation tracked by final validator.,pending final evidence refresh,python scripts/validate_project.py --require-final,PENDING,pending final evidence refresh,none unless final report states BLOCKED_EXTERNAL,PARTIALLY_FIXED
T4,T,Cần extracted-tree verification: Sau khi ZIP xong: 1. extract sang thư mục sạch; 2. compile; 3. pytest; 4. notebook check; 5. validator; 6. checksum; 7. consistency; 8. Streamlit smoke. Phải chạy trên chính ZIP cuối. --- # 22. Nhóm lỗi U — Streamlit Cloud Deployment,HIGH,see original audit and verification command,AUDITED,Version B baseline / strict validator,Converted to an explicit project check; remediation tracked by final validator.,pending final evidence refresh,python scripts/validate_project.py --require-final,PENDING,pending final evidence refresh,none unless final report states BLOCKED_EXTERNAL,PARTIALLY_FIXED
U1,U,Chưa có URL Streamlit thật: Đây là trạng thái hợp lệ hiện tại vì người dùng sẽ deploy sau. Nhưng không được tự chấm full điểm deploy.,HIGH,see original audit and verification command,AUDITED,Version B baseline / strict validator,Converted to an explicit project check; remediation tracked by final validator.,pending final evidence refresh,python scripts/validate_project.py --require-final,PENDING,pending final evidence refresh,none unless final report states BLOCKED_EXTERNAL,PARTIALLY_FIXED
U2,U,Chưa có deployment verification: Sau deploy cần: - URL; - commit; - timestamp; - screenshot thật; - health check; - startup; - upload; - prediction; - latency; - model checksum.,HIGH,see original audit and verification command,AUDITED,Version B baseline / strict validator,Converted to an explicit project check; remediation tracked by final validator.,pending final evidence refresh,python scripts/validate_project.py --require-final,PENDING,pending final evidence refresh,none unless final report states BLOCKED_EXTERNAL,PARTIALLY_FIXED
U3,U,"Chưa có incognito smoke: Phải kiểm tra app từ trình duyệt ẩn danh, không dựa vào session đăng nhập. --- # 23. Những lỗi cần sửa trong source trước khi chạy Colab Đây là phần cực kỳ quan trọng. Không nên chạy FULL_RUN ngay trước khi sửa các lỗi sau: 1. Bổ sung latency tie-break trong tuning. 2. Bổ sung đầy đủ metadata của locked params. 3. Bổ sung đầy đủ model metadata. 4. Bổ sung environment manifest contract. 5. Hoàn thiện raw audit fields. 6. Hoàn thiện dataset-version guard. 7. Hoàn thiện validation-only tuning guard",HIGH,see original audit and verification command,AUDITED,Version B baseline / strict validator,Converted to an explicit project check; remediation tracked by final validator.,pending final evidence refresh,python scripts/validate_project.py --require-final,PENDING,pending final evidence refresh,none unless final report states BLOCKED_EXTERNAL,PARTIALLY_FIXED
